,ID,Review URL,Text,Star,Thumbs Up,User Name,Developer Reply,Version,Review Date,App ID,sentiment
1,3887,https://play.google.com/store/apps/details?id=com.android.chrome&reviewId=gp:AOqpTOEYVqmA_UTzh11Quy1UizsfG2el1gOsDNgU59YLrvhR_gn6ekkBR6HJv-93XoQRtLDGtt2JL3jk8a7zh_I,Good,3,2,Ijeoma Happiness,,85.0.4183.127,19/12/20,com.android.chrome,+
101,4113,https://play.google.com/store/apps/details?id=com.android.chrome&reviewId=gp:AOqpTOGam4O8tkplGZra_QgwRA5DaQMrhf5lXRq56BIaXtzvGBhkPNA_koAhjIkC8B1KXViBKVCq9l3T1WT5w60,Good,1,0,Sohail Soomro,,74.0.3729.136,21/12/20,com.android.chrome,+
158,4143,https://play.google.com/store/apps/details?id=com.android.chrome&reviewId=gp:AOqpTOGs_j9GCuk-trSJbRPlg6IkMe-qW2E4y3w_JWVB13VsHf-cG2kgt0BntS_WQreeBro6hE8wqN0oWHDpBgs,Good,1,0,Md Rubel khan,,,21/12/20,com.android.chrome,+
160,4145,https://play.google.com/store/apps/details?id=com.android.chrome&reviewId=gp:AOqpTOGiu1SzlBRcnhpsCAM6TgDq2Kcz-HBLPJMNXW3oTT0xSjvTSHNfuKCA_0VyNaeTo58WvnsWFGozyE_ZDNI,Not bad,3,0,Yibo Yang,,87.0.4280.101,21/12/20,com.android.chrome,+
176,4162,https://play.google.com/store/apps/details?id=com.android.chrome&reviewId=gp:AOqpTOF1_Izapi8TakIkLJvWVJoGoREcO1wD8VmXhVTcIGeOShDbQ-TeyA9fnOC9rbEv6EHHC_loscMsTun73IA,Nice,3,0,Tridev Namdev,,87.0.4280.101,21/12/20,com.android.chrome,+
178,4164,https://play.google.com/store/apps/details?id=com.android.chrome&reviewId=gp:AOqpTOHMUdmvpfOjE3rWJnbguJVmxj2W3KoHO-TM6iK3bBCfWfImpPj6VdWVPahAHKO60ABPiDv9IgTNU8xFdpA,Help,2,0,George & Jodie Wood,,83.0.4103.96,21/12/20,com.android.chrome,+
188,4174,https://play.google.com/store/apps/details?id=com.android.chrome&reviewId=gp:AOqpTOHySbqoSSeOZuWCn_L3NYZtCaya7kHDWvAz3z_zgBpri-XVwW-NieJJ3zG4VST-YQqlKGG6Z6DyAZNZ2N8,Good,3,0,Mahabir Kamboj,,64.0.3282.137,21/12/20,com.android.chrome,+
291,5251,https://play.google.com/store/apps/details?id=com.android.chrome&reviewId=gp:AOqpTOFVZ1m9gQyQTGAzgBtIGKGC1jVbT-3-3LydI_XSIQB0HIqd95vNpLwWBYhxvIYfpuLhSP5wvl2shucWeus,Ok,1,0,Rajesh Prabhu,,76.0.3809.111,21/12/20,com.android.chrome,+
310,5842,https://play.google.com/store/apps/details?id=com.android.chrome&reviewId=gp:AOqpTOEYlspxjUosomPFeodvhH76GQusL9FHFsp-44k7SguXrEUckePcebnyP8mUQA6rZGX5ayXz4U0gz_CW2sc,Best,1,0,Vasava Govindbhai,,67.0.3396.87,22/12/20,com.android.chrome,+
312,5844,https://play.google.com/store/apps/details?id=com.android.chrome&reviewId=gp:AOqpTOGf1DHgLVB8MYo_AMj9JCBpBp31NGREk-lSsvt5Zv0vXM5vJGNXLe77wGumcF01MqgLSvEA_eKHoM6E5PY,Good,1,0,Prem Kumar,,80.0.3987.99,22/12/20,com.android.chrome,+
315,5847,https://play.google.com/store/apps/details?id=com.android.chrome&reviewId=gp:AOqpTOG0Ar7hmsN0GQxNQ1X4X4LXgvUu__uh9SMarL3y4XG2OTeos7wAOYZ_AvgmZK-0yfywuekuZOm5hmy2m2U,Nice,1,0,harsh pandey,,87.0.4280.101,22/12/20,com.android.chrome,+
371,5905,https://play.google.com/store/apps/details?id=com.android.chrome&reviewId=gp:AOqpTOFznwD_KlP15dgCtctDCqdqFlBMK5AunvBnX3LpMD8cpCQWPFibYm1Nr5aPsakJu8-XDtVw-dD9CRY0WoI,Goodüòä,1,0,Ajay Bhoye,,84.0.4147.89,22/12/20,com.android.chrome,+
389,5923,https://play.google.com/store/apps/details?id=com.android.chrome&reviewId=gp:AOqpTOFcGWDQEZacmxOD3dyhdzTNx17IcNbFrNVnuhRqY7mt0TBOuYIzLf1XmYV2ai7XS4SSwQhfNXkxIJYh_II,Good,1,0,Thobani Kave,,87.0.4280.101,22/12/20,com.android.chrome,+
424,8531,https://play.google.com/store/apps/details?id=com.android.chrome&reviewId=gp:AOqpTOHwHkZbl-Eo1ULab854cbiKE6QDaiAppPCU81ctMjngr-XrAsKPVF1AWHL6pYgxu8A5OqLag4tDSYa1qeo,Good,1,0,Hina Nayka,,83.0.4103.101,24/12/20,com.android.chrome,+
451,8558,https://play.google.com/store/apps/details?id=com.android.chrome&reviewId=gp:AOqpTOFP-1y41eLihoMCJ48KEHqJYx-wj3gOBSEZXNhWYlDmrduZo3T58KYjm-tBqGQHuhn3R1INpeCums_XCK8,Better,3,0,vinod pandey,,70.0.3538.110,24/12/20,com.android.chrome,+
486,8594,https://play.google.com/store/apps/details?id=com.android.chrome&reviewId=gp:AOqpTOHUoQDnF7DmWoZGrcDJe5yxxpJWnhANm15Sq6kFwQFHIN_QSNOcQebwdMHPN3KwW2aAaWs7PvY2J_uZBrM,Over all good ...,3,0,RAJESH KEER,,85.0.4183.81,24/12/20,com.android.chrome,+
540,12599,https://play.google.com/store/apps/details?id=com.android.chrome&reviewId=gp:AOqpTOGiEhZv3BAYUY5QTibT0uPde3Vtl9lzqZ0cvlZvgCYNcMV-VSp5yh91tc0TEQ55zYCHKBAlsYfEJI4y8tA,IT IS GOOD FOR GAMING,1,0,sarika kumari,,72.0.3626.121,24/12/20,com.android.chrome,+
559,12618,https://play.google.com/store/apps/details?id=com.android.chrome&reviewId=gp:AOqpTOGi-Szc1gZDmAFPOFTANZnKlf4ZnDeBFltfZ5xueXeVFsczfOvZU-_0jwmQH5ztPcKEMdLXoixcgZOOtS4,Super,2,0,Santosh wagh,,85.0.4183.101,24/12/20,com.android.chrome,+
575,12635,https://play.google.com/store/apps/details?id=com.android.chrome&reviewId=gp:AOqpTOGRyHGvhuqP0uqz5eie60V57e1T1aL5zFNznoM5kvGd4XpX_to_Gj02SqJSw71_J6-QjyJ5QNYX5jA_us0,Nice app,2,0,M.Huzaifa Khalil,,62.0.3202.84,24/12/20,com.android.chrome,+
600,20365,https://play.google.com/store/apps/details?id=com.android.chrome&reviewId=gp:AOqpTOH4xr7FrV2dnUeJUjgdofEGeGojAqM75WKsu_VvmCjKHPjkuw2YZp-rumNmn66MSK4VYHQS0jNvyHTXVp0,Perfect app,2,0,RaVen,,83.0.4103.106,25/12/20,com.android.chrome,+
619,20384,https://play.google.com/store/apps/details?id=com.android.chrome&reviewId=gp:AOqpTOHNkAeqS9kNHyADwLGsQLLKkdGjPULdtItpp7dbhlK7UpOYUy4N7EAaNaGyTxZzRw_A0fNLEbz3DAUYNEo,Nice,3,0,Mahamad Israr,,77.0.3865.116,24/12/20,com.android.chrome,+
620,20385,https://play.google.com/store/apps/details?id=com.android.chrome&reviewId=gp:AOqpTOEeQ8gyVasDuLef1rQeRs5W2dykDM8pOEtDpdvr_dX2jP_ecFQWugNHeAxWXN4QjWTNTgTo5CriOlA8weI,Ok ok,3,0,Ephraim Lolo,,69.0.3497.100,24/12/20,com.android.chrome,+
628,20393,https://play.google.com/store/apps/details?id=com.android.chrome&reviewId=gp:AOqpTOFKrF_xSpmWmnc_cmNdxjQFilYBacVz_hsl3-fYlLT2aHrzhzo0CAqNYPkvR8V-Thavn2p4-A0t72q_G2w,Ok super,3,0,Ramesh Rathva,,81.0.4044.138,24/12/20,com.android.chrome,+
706,24321,https://play.google.com/store/apps/details?id=com.android.chrome&reviewId=gp:AOqpTOHcvfjPV8I7SfXCiGidML-ZIfqhxXjDvQkaQD30p6IVrASlZ65FRTPY5eG3ZsnIynvSaC31y3AJP7WDiEQ,√å Good,3,0,Suroj Khan,,56.0.2924.87,26/12/20,com.android.chrome,+
718,24333,https://play.google.com/store/apps/details?id=com.android.chrome&reviewId=gp:AOqpTOEO62pCIQEE-xLYIHOuYIL1iBBu9eclY0atNGcYN95XX055ucLY1h7ncKvmr4UsgjzzmpofaXjg9KXbY-s,Nice,3,0,Vicky Ninama,,83.0.4103.106,26/12/20,com.android.chrome,+
758,24374,https://play.google.com/store/apps/details?id=com.android.chrome&reviewId=gp:AOqpTOEwt-9UlG5HcYFdqrhM7SQZkRLGlvJu1316a9Nc-PzvfgHw-D6bhdYC6ztT935BOlpxr-5w8W80wYkxoSU,Ok,3,0,Tommy Scott,,80.0.3987.99,25/12/20,com.android.chrome,+
763,24379,https://play.google.com/store/apps/details?id=com.android.chrome&reviewId=gp:AOqpTOHEHwYPS9CEbE8rg-QuKM8RN-h6r9FwGikJIli7VZ89tcDr_VV8zRwK7BG-SOS4bebNP_DRXcWz9gei4r8,Nice,2,0,Raushan Singh bai drabad 8539,,42.0.2311.111,25/12/20,com.android.chrome,+
767,24383,https://play.google.com/store/apps/details?id=com.android.chrome&reviewId=gp:AOqpTOGlNmyTdqSNnQLGd-grO_8qH3MJofmxKg_rC5yjTsMm_wVmJVGDgDX0yyyeUzCYOCd3x3eRF1AbkFLOF80,Good,3,0,Colton Alston,,70.0.3538.110,25/12/20,com.android.chrome,+
775,24391,https://play.google.com/store/apps/details?id=com.android.chrome&reviewId=gp:AOqpTOFRPyqHBt_T4NkebxSdn0sCsIKLrigCMGeqd8y2Zb-lr3ub-JmZAeQ4v64MlloYBCBKkknj7TR46PmrHcg,Good,1,0,Jove Regalario,,81.0.4044.138,25/12/20,com.android.chrome,+
807,31574,https://play.google.com/store/apps/details?id=com.android.chrome&reviewId=gp:AOqpTOFEjb9NVdkDPBqmA57AV2Jr34MWXf13NOaUfWEEqQUcGNM2QnG_fLleBMDVeFqIrj3lmUc_neJ-Pnta0ic,Good serving,1,0,edgardo apilado,,40.0.2214.109,27/12/20,com.android.chrome,+
822,31589,https://play.google.com/store/apps/details?id=com.android.chrome&reviewId=gp:AOqpTOHVgKKh62WwrxtsLuvBleF9Q541601ycS8ctvLS26Fm1ahN55h7MC4JC6ghFT8PMTgzynCX6o0doE3fDXs,Fresh,1,0,qalab Abbas607607,,87.0.4280.101,27/12/20,com.android.chrome,+
823,31590,https://play.google.com/store/apps/details?id=com.android.chrome&reviewId=gp:AOqpTOEHHu7Dcd5YCsdxWk-1OYCVVeE0ajsrgoOICeoH7P8DixhMONTaThXiDOH4Cs1SG23jfEyTg-dVeQwoNWA,Its helpfully to best result for all apps type,3,0,Fozia Masood,,87.0.4280.101,27/12/20,com.android.chrome,+
828,31595,https://play.google.com/store/apps/details?id=com.android.chrome&reviewId=gp:AOqpTOEOM2J7D8Rrbjakd7pasOWEt9f_-KUEkDxwgnRhkTLXc1Yxs9q9ic9PoY71wPkNmDYgVIdYW3ne31AkEp0,Good,3,0,Emmanuel Ogbumah,,80.0.3987.132,26/12/20,com.android.chrome,+
833,31600,https://play.google.com/store/apps/details?id=com.android.chrome&reviewId=gp:AOqpTOFoCWzVBkRuE-bqxe7yD7onbC9oMEUzKA6qk_Cv45MQGuy0cNDxvwxzt5ga54HGHqW-l_7CyJO7mrSE7Sg,Nice,2,0,Padma bc Padma,,83.0.4103.101,26/12/20,com.android.chrome,+
835,31602,https://play.google.com/store/apps/details?id=com.android.chrome&reviewId=gp:AOqpTOGcNL5hEEok9Wi_VOumqK4bfBpUrwr5IbcBxmSQf0px-0fW4Z63MvgG6e1DsSoyLOrf522hiXQAdtRcwhY,Excellent,1,0,Hayatudeen Rabiu,,70.0.3538.110,26/12/20,com.android.chrome,+
844,31611,https://play.google.com/store/apps/details?id=com.android.chrome&reviewId=gp:AOqpTOEpkpCPP4fphCS4k5rUQiXRhkcp4nEQqLwEG-5JKjqvxcqf4W9P0kN6sDcY5XV54nAJe2-BCXMDJXfbIQs,Good,2,0,BHUWAN HANSDA,,87.0.4280.101,26/12/20,com.android.chrome,+
860,31627,https://play.google.com/store/apps/details?id=com.android.chrome&reviewId=gp:AOqpTOEeIW4F13GRRCzRwWQkI8Ls1CUnnXk29kd7rMaaaeIbbGuJTaqNWb-E8Wquy7qSUvKWKNoX7f7iP4Tap7w,Good,2,0,Donatus Nestory,,87.0.4280.101,26/12/20,com.android.chrome,+
917,36566,https://play.google.com/store/apps/details?id=com.android.chrome&reviewId=gp:AOqpTOEGdl4sdlZbWiIdNANtLur5qSL2gvVNMf0q4Nn4AKk-PA9DEvat9XeoqLfogjo4Nrab7CVKAwXThZdKe5M,Good,3,0,Tyrell Keon titus,,79.0.3945.116,27/12/20,com.android.chrome,+
1051,40354,https://play.google.com/store/apps/details?id=com.android.chrome&reviewId=gp:AOqpTOEMyt4fYiL78LN4PW3BvbM7qpQeJlV3ZrDP5s3XFpFfhDjjudLY7Lp5a7DjA90jbmVOcEBwuMIedry7ALM,Best,3,0,Rajendra Gadgil,,86.0.4240.99,28/12/20,com.android.chrome,+
1100,47436,https://play.google.com/store/apps/details?id=com.android.chrome&reviewId=gp:AOqpTOHheMv1RXt8sBQ5BJ5EeUOUYSmpFXam1wcuSse-D6Qd1KBPUk_LkqwjnqIyYrqCGNWcFyvHBuqZDyvfS3U,Good,3,0,laxman t,,80.0.3987.162,30/12/20,com.android.chrome,+
1107,47445,https://play.google.com/store/apps/details?id=com.android.chrome&reviewId=gp:AOqpTOGhejbG1b2N46B6DekmXUhmR5tRoKhZn3mYBx5RA-qynx3HVB4BlOt-BZWCeh9P1tUZDK4cH5b7d9tdbcc,NICE,3,0,Kanu Mahawar,,87.0.4280.101,30/12/20,com.android.chrome,+
1110,47448,https://play.google.com/store/apps/details?id=com.android.chrome&reviewId=gp:AOqpTOGt6NY6LYyoCun2gJPCPlpaZltuPd80YdZuLv74oNSBsuyfMng1O4erTHYbjA46pPg6mnKDq-eAwLAKVzQ,Good,3,0,rajesh kumar,,87.0.4280.101,30/12/20,com.android.chrome,+
1113,47451,https://play.google.com/store/apps/details?id=com.android.chrome&reviewId=gp:AOqpTOEOU4yXXJYgAScylB68ooBGjz30wZdCSK7coF5GGydqhTRXPXUIYlBmL6PqFvbPM_xDtTTZLsaQKsr8J7I,Nice n fast,1,0,Roshan Krishna,,87.0.4280.101,30/12/20,com.android.chrome,+
1137,47474,https://play.google.com/store/apps/details?id=com.android.chrome&reviewId=gp:AOqpTOEwGq01Ho1z9Gu-Alw6mZjZ3xAXw9sSetk6j-Tk5DFsbOz2oHiTXuBo6GoPR6kQHHT7Gnca7XMj1puErG8,Nice,3,0,Abduljalil Aliyu Wali,,81.0.4044.96,29/12/20,com.android.chrome,+
1145,47483,https://play.google.com/store/apps/details?id=com.android.chrome&reviewId=gp:AOqpTOE8VnGfLFdOF9jSh7lVGzrRV4r_7FpaIrWD7ODuKd2qaB4z0u01ti_ZhX55fuEwMNn9ST9HALT4_ItdKT8,Good,1,0,BALAJI INGALE,,87.0.4280.101,29/12/20,com.android.chrome,+
1195,48247,https://play.google.com/store/apps/details?id=com.android.chrome&reviewId=gp:AOqpTOFvJwgPWp0TgW0hHEixvMGhtnHbIls-1bbbdhwqJUVX0oCKyDbhmTLwSG_Xw-UGFCFmN3cCB8-gYFRZTfc,Very good application üëç,3,0,Sovana Mallick,,85.0.4183.127,31/12/20,com.android.chrome,+
1314,57424,https://play.google.com/store/apps/details?id=com.android.chrome&reviewId=gp:AOqpTOE_0-8BYjJh1_iAD-1kuzS_R8DDA0IIxScKvDBxIIjh0zXgpHqZWY4t_SbbRH-LJXRDPk-waOWaZ5X46UA,Nice,1,0,Troy Pellew,,87.0.4280.101,01/01/21,com.android.chrome,+
1417,62111,https://play.google.com/store/apps/details?id=com.android.chrome&reviewId=gp:AOqpTOHpJZYu7gqu3lsE3L2FDXHOr32fvOmzbBOH5RujScwbXBjxzZCJoe8LG-hkaofLhWSlgabbJ7rP2SmW1L8,Good,1,0,Rosemary Solomons,,79.0.3945.116,02/01/21,com.android.chrome,+
1421,62115,https://play.google.com/store/apps/details?id=com.android.chrome&reviewId=gp:AOqpTOGqn-76UItxcw5p5gPDaSc8M1d5_G-HXLvnFHE_p4t8XKwzbqjsJpESLCNOT1giV4dOAF2GVlKrWaEi7Zs,Best app,1,0,Avnish babu Singh,,84.0.4147.125,01/01/21,com.android.chrome,+
1434,62128,https://play.google.com/store/apps/details?id=com.android.chrome&reviewId=gp:AOqpTOHbTypfWl4QccUs2E5NGFMkEMW9o7bfGtJqb1PZePGnjbEhJ9RupKj0CaMGegwmdxXAntSOVE_2cxp1UpQ,Good,3,0,Yash Pal,,86.0.4240.110,01/01/21,com.android.chrome,+
1537,68691,https://play.google.com/store/apps/details?id=com.android.chrome&reviewId=gp:AOqpTOHybtZz6oa8p3Q6yjGSBSk7N859RI8MA12OaV9OoJewd4_4sAMz6bFGoZrVzURA6bQVZxDsbOmdeBKcS9M,Great,1,0,Victoria Baffoe,,,02/01/21,com.android.chrome,+
1568,68722,https://play.google.com/store/apps/details?id=com.android.chrome&reviewId=gp:AOqpTOH_DG6R3IAKqjYwk_WrP_YWxF3Ds5ZQWVgYkSC-tTnF9JXbPTcAOSps_7FEEwsVsk4qSiCz1Xzr_oazHSM,It's alright,3,0,Dyron Davidson,,40.0.2214.109,02/01/21,com.android.chrome,+
1578,68732,https://play.google.com/store/apps/details?id=com.android.chrome&reviewId=gp:AOqpTOEy7ouHWeIKFHB-9DgG0MtYxY0ZoUEdMSZGfi5Ttyc2-7ZlnUgVe_adRh15bdscnylVt3wQZ8n2gkgQt9s,It is a good app,3,0,Satinder Lal,,86.0.4240.75,02/01/21,com.android.chrome,+
1619,69273,https://play.google.com/store/apps/details?id=com.android.chrome&reviewId=gp:AOqpTOEyy9yCK5nbitwRETXwO51uug4USb0UJepluxpGNKookLw6EXqdRqYXf42CXkon3IJHO0sos9PUgUUpBDI,Good,1,0,Premdas Vaishnav,,87.0.4280.101,03/01/21,com.android.chrome,+
1620,69274,https://play.google.com/store/apps/details?id=com.android.chrome&reviewId=gp:AOqpTOEQejF54zn16PoCm4UWU4jta1fhs0V2vkxXad9X85XHf74NMczMBtH8hYfTdbM5-do5Yzh3yvb8mpatQ70,Ok,3,0,Willie Burton,,83.0.4103.101,03/01/21,com.android.chrome,+
1634,69288,https://play.google.com/store/apps/details?id=com.android.chrome&reviewId=gp:AOqpTOEb6uWARAxE4lSWpTkSR0RDJj2imh9-6jKbu9n-YTPnbi7FuILswZje8V7KPboEAX_i3-Srf8y115qJ9yE,super,1,0,Bikram Basak,,87.0.4280.66,03/01/21,com.android.chrome,+
1679,69333,https://play.google.com/store/apps/details?id=com.android.chrome&reviewId=gp:AOqpTOGQCWzXjF1JpNSmO87oT4FxUoSJjRFIRlHc56BYyh3sAc-k5yi7ScxfsuxDO0XFj51r4PgBzGJVh70azmE,Interesting,3,0,Wisdom Oliver,,81.0.4044.138,03/01/21,com.android.chrome,+
1691,78724,https://play.google.com/store/apps/details?id=com.android.chrome&reviewId=gp:AOqpTOG4ufGHj8-k99Vk2CMxUzTCDN7AQN9lVgL2sTu0P0iUjKFpCoYcYm7KHDssyqjmOvFOY6A4O7IV4uqN9Tc,Nice,1,0,Shubham Pal,,80.0.3987.99,05/01/21,com.android.chrome,+
1704,78738,https://play.google.com/store/apps/details?id=com.android.chrome&reviewId=gp:AOqpTOELKTIyR3jp9Oj4l7LKRgFtjyBDGfV2ZhCwXcNf6Pvg0KGXJBgBmBV0FSsTkwoNbtyGtjm6_8M8OO-jLMM,Is fast secure I love it,1,0,Penka Weezy,,43.0.2357.93,05/01/21,com.android.chrome,+
1712,78746,https://play.google.com/store/apps/details?id=com.android.chrome&reviewId=gp:AOqpTOGoBIqBHcAIoyvzq7qMIk3DKGlse3aiMOG4mxsYKNDbtNhXEc0HjkbiuiGetu0MVp_am4yzVlSzkLZoD78,Awesome,3,0,Amuzie Flora,,70.0.3538.110,05/01/21,com.android.chrome,+
1719,78753,https://play.google.com/store/apps/details?id=com.android.chrome&reviewId=gp:AOqpTOGxuYrfmxOgj49frB5gFPWGHSEtn6xQu_kqRAcl_3vPLZ6xoiWsPfkhbW0GHFOZROzKamcbPYz805XJygQ,Nice,3,0,Rosamma Thapa,,78.0.3904.96,04/01/21,com.android.chrome,+
1725,78759,https://play.google.com/store/apps/details?id=com.android.chrome&reviewId=gp:AOqpTOE8BNn_VCe_jxOmermTB8FfHrQu_PxK7H_kbmm7ieRR34DNaxNcpouUcw1s9BRf1_hQSCnEw6wc_6VLxlM,Good,1,0,Ana-lira Sweetie,,56.0.2924.87,04/01/21,com.android.chrome,+
1883,83337,https://play.google.com/store/apps/details?id=com.android.chrome&reviewId=gp:AOqpTOF1uKoCEFMYOxwVNBgNHlI9PoKl2V6n3xaOG4BOM44U1v7-o24sGZTfIk19cNzn2sg02ZQqXE_qTTIwL0M,Good,3,0,asman Pandey,,84.0.4147.125,05/01/21,com.android.chrome,+
1926,87071,https://play.google.com/store/apps/details?id=com.android.chrome&reviewId=gp:AOqpTOFCnqVMo8fk0q5bwpbJ4XlHyxEbLzyLx_t1hxEZL4zWK5XDS7dJLbnGtwVPwBgCcU3xEAPufoiCwHewORQ,Fine,1,0,Zizu Ahmed,,87.0.4280.101,06/01/21,com.android.chrome,+
1952,87098,https://play.google.com/store/apps/details?id=com.android.chrome&reviewId=gp:AOqpTOFCPOoivvFOAEckB4MacxBJHYm3Howd1JmuLtfu_JyS33Nr8Nc7wT8Okz2OMCQ_idc7j-4pNd_F4I3oqiE,Good,1,0,surya Lifestyle,,87.0.4280.66,06/01/21,com.android.chrome,+
1983,87129,https://play.google.com/store/apps/details?id=com.android.chrome&reviewId=gp:AOqpTOHt2fHgjNPgb6uhUpTvcrK0NPer_bSsVDZxMbeHZgyEKVg_qd7HDkQ03pwSN5QcT-pxnwCW0L1E9xgn_4w,Good,3,0,#Mysterious_ _Boy,,83.0.4103.106,06/01/21,com.android.chrome,+
2026,90449,https://play.google.com/store/apps/details?id=com.android.chrome&reviewId=gp:AOqpTOHUsIdBcxX1X9YGw9IOLcF9tO_AAqLRNMARs-pMJdeke9jWyjQZhPlsnGBpFEgP2zpkjWyVe_COViIJXhY,Nice app,2,0,Himanshu Rawat,,86.0.4240.198,07/01/21,com.android.chrome,+
2043,90467,https://play.google.com/store/apps/details?id=com.android.chrome&reviewId=gp:AOqpTOGppIoOwRnnBtVwOTTVwCYwmIrQvrPMab73oZJc0ApI4wBYGYT4sJw1jvLYl38r7nAuPalxYGMa1x4p2Wc,Nice,1,0,Pawan Shukla,,87.0.4280.101,07/01/21,com.android.chrome,+
2047,90471,https://play.google.com/store/apps/details?id=com.android.chrome&reviewId=gp:AOqpTOFyED5IkC6A-FYEi1pfoXmgX-Uc5u0oJuBZg0fHUbqO1bUglv6PPvJvshc4FGxIgzlPvgn5seAgKOmzVKU,Great,3,0,Sindisiwe Zulu,,70.0.3538.110,07/01/21,com.android.chrome,+
2077,90501,https://play.google.com/store/apps/details?id=com.android.chrome&reviewId=gp:AOqpTOGNPs609Qk9R6IOEnvcoEefzC-H3vd-jH1I-aNhyLKjeAjScYdYy49ukCuIKQfTeQ68Z4oXhcK6NF6Y6uI,better than other apps,2,0,Rashid Saidi,,80.0.3987.119,07/01/21,com.android.chrome,+
2089,90513,https://play.google.com/store/apps/details?id=com.android.chrome&reviewId=gp:AOqpTOFv_KFz2YoUvAen5KYS2Mc4jQCg7Coh89nnSyuIvwyjdd3yK8P_LEPgdIIFDTUYu30qI-JLOWrqWpql59w,Good,1,0,Sao Sarak,,74.0.3729.157,07/01/21,com.android.chrome,+
2131,99877,https://play.google.com/store/apps/details?id=com.android.chrome&reviewId=gp:AOqpTOFM23_3tKvmoSUopj9h3xin4yB5knxiD8g3HFxS-WpSWB8jcbY16KsAtKDkov5Kz1HPSbfr7YdI8grNuxI,Its a fantastic app,2,0,Wasif Ahmad,,87.0.4280.141,08/01/21,com.android.chrome,+
2160,99906,https://play.google.com/store/apps/details?id=com.android.chrome&reviewId=gp:AOqpTOEzKBQoxZZkAskhnDNF2Xyp-6YjqdF2GT_NbxWFTkuHM6SVDX9BoDvhoaEZBwVo4E0t49kTPfUVopNx0_U,Great,1,0,Mohammad Akhavanfard,,87.0.4280.141,08/01/21,com.android.chrome,+
2178,99924,https://play.google.com/store/apps/details?id=com.android.chrome&reviewId=gp:AOqpTOF51_MfkDPaaDAIcJRXuPv5-xOMvlvlSI0-iSim1g2ow5euu1yEPhN0I3vB4IpxRkaDYe5IIBLyLUpiomI,He is a good app,1,0,Omkar‡§Æ‡§§ Khande,,85.0.4183.127,08/01/21,com.android.chrome,+
2232,102802,https://play.google.com/store/apps/details?id=com.android.chrome&reviewId=gp:AOqpTOFj67daHBV2pjEq9jCPChDsvfaJ_j-qK78JWTVGcvKpnCrdhAiYjYlQ9j215-ypEYPce_XO0oLZV9xIHgs,Ok,3,0,Soma Sengupta,,83.0.4103.106,09/01/21,com.android.chrome,+
2297,107631,https://play.google.com/store/apps/details?id=com.android.chrome&reviewId=gp:AOqpTOEjYrRp-CkjhUyGi90Z85LXWRV35JEgXy7dUfp9fdiMSefTt8zvn7hxg7cRwUZOWRBDiHw4jXbgL6xBJfw,Good,1,0,aseel bired sal,,42.0.2311.111,10/01/21,com.android.chrome,+
2344,107678,https://play.google.com/store/apps/details?id=com.android.chrome&reviewId=gp:AOqpTOH4Idz4vZHtW4hNirBBMZukeSV--sn6FR8PLWxkfn7j6_kcH5i0ZfU_jJevc6vliuUtmeaDnBjaLQFQtuE,Very good,3,0,Sushant Patra,,80.0.3987.99,10/01/21,com.android.chrome,+
2382,107716,https://play.google.com/store/apps/details?id=com.android.chrome&reviewId=gp:AOqpTOHMRIMC847UXnPw3DH8x5srHaTPC3cWya-w-gdUje59gVzp954NFx4_EtqyMmBwOPvRA2uP9x3A-n6ddSg,So good,1,0,Marygrace Loon,,83.0.4103.96,10/01/21,com.android.chrome,+
2384,107718,https://play.google.com/store/apps/details?id=com.android.chrome&reviewId=gp:AOqpTOEKsd1paRfDCu2NDBjxPBTyasx1ASRB6znwT1uIP7HD4LD_JSlqBRy-oeBVYPpbTiHj36gCYcT9UjY9GSk,Good,3,0,shailendra kumar,,84.0.4147.125,10/01/21,com.android.chrome,+
2429,113017,https://play.google.com/store/apps/details?id=com.android.chrome&reviewId=gp:AOqpTOG52AKY29Ay6PS2jBJbuXcGyFALlyDCvGqw4HSv8BahK6gBx4g1w379iHH7T7ONtKE1aj7S0SjK-4BYP2U,nice,3,0,Wajid Ali Khan,,87.0.4280.101,11/01/21,com.android.chrome,+
2443,113031,https://play.google.com/store/apps/details?id=com.android.chrome&reviewId=gp:AOqpTOEMtarHg7BYcdHFQhUyoGqF0JaMLX_nie4dTqynh1UovRXRrugDDbhoOS58xoT5B-4XsSjZex0k4OJdvII,Nice app,3,0,ÍßÅ‡ºÜg‡∏Ñ‡πì‡πÄ‡∏†g ‡πñ‡∏Ñ◊ß‡πÄ‡øêÍßÇ,,87.0.4280.101,11/01/21,com.android.chrome,+
2454,113042,https://play.google.com/store/apps/details?id=com.android.chrome&reviewId=gp:AOqpTOE1svN4-TMkt1NaBZgUJa5qDq6OceDhIwb_Ol6gtAWN32_7WVxhBJ4VxVQB09cAKQUDsH3y0TwHydpcg4k,Good,1,0,PRAMOD BARIK,,87.0.4280.101,11/01/21,com.android.chrome,+
2487,113075,https://play.google.com/store/apps/details?id=com.android.chrome&reviewId=gp:AOqpTOEOSvLxVAQ9hyhI576oeKOa2wHs5mCFB3QlMKLla76E-Nx4rPO0TogxgY5jV6Idp4HcHhMlexTzkZmpUy4,very very good app,2,0,A Google user,,87.0.4280.141,11/01/21,com.android.chrome,+
2522,119520,https://play.google.com/store/apps/details?id=com.android.chrome&reviewId=gp:AOqpTOGVV7jRCD3YHzVLfrwFjNU87ffTszc-fHQ162mmXrq5yA5ElNl-YORwEEB5PY29Px38kk3ZQTZhZfK_r1U,Good,3,0,MD. IRFAN,,87.0.4280.66,12/01/21,com.android.chrome,+
2532,119530,https://play.google.com/store/apps/details?id=com.android.chrome&reviewId=gp:AOqpTOGx4rBT67EiEH7b_fCTpzCj1KowJQoR4aP5PI_Sskixm3xBPCjY_KNgUndDsQw9qEMcA8RGV2A3jXjhE9o,Value saching,1,0,Makanjuola Odu,,35.0.1916.141,12/01/21,com.android.chrome,+
2579,119577,https://play.google.com/store/apps/details?id=com.android.chrome&reviewId=gp:AOqpTOG9qupLpqIYoi28hi5hJhGK1SWa5P0gkiZDsWJ5Cld8Aoeo1rkkO5gGa91LpUQL_q0L7o0J-cw_1taTnso,It good,3,0,Ali Parivash,,87.0.4280.101,12/01/21,com.android.chrome,+
2616,125698,https://play.google.com/store/apps/details?id=com.android.chrome&reviewId=gp:AOqpTOFP69K_BLT8XeY396-T_cAdk6-cNHpCd1I3Zpt8QX_SxOWXrlyyKKw5uUHRLiN0sJ2OouHg5Xyx6xVThRw,Good,1,0,Arun Verma,,87.0.4280.101,13/01/21,com.android.chrome,+
2640,125722,https://play.google.com/store/apps/details?id=com.android.chrome&reviewId=gp:AOqpTOGVe8roVACEhBycWHXZIfeIKWFxAGi9De-Sj5QF2Ix7prOhirDS5PaMqUT8OT58qBX1nEQfs5BLSfzEecY,Good App,1,0,Tushar Panchal,,87.0.4280.141,13/01/21,com.android.chrome,+
2683,125765,https://play.google.com/store/apps/details?id=com.android.chrome&reviewId=gp:AOqpTOFRK-kS0Jam7G6r1IZBRXAOyFqf7cKLVsiPm-ISHCOQ-m8TxUlWwTH5ZedrazGdd-_5uncFCTeDtJL81sw,Good,1,0,Ganga Meena,,85.0.4183.81,13/01/21,com.android.chrome,+
2688,125770,https://play.google.com/store/apps/details?id=com.android.chrome&reviewId=gp:AOqpTOFR9HYG-vHmiZt2SeVIqQixqXGR1LTPCprPC73xY_O1utde5Aq_PgGfJs8gplzZk_NWsqifrxOGCWQ8kQ8,Good,3,0,kritika trivedi,,81.0.4044.138,13/01/21,com.android.chrome,+
2732,128194,https://play.google.com/store/apps/details?id=com.android.chrome&reviewId=gp:AOqpTOHgv-UmU1qO0u3Zd25jNgqItMEMtn0ycV_7_kKonR9BacQ7JtTAkpTm6_jo649pha9vjZYfIkpu0ic6J3E,Oof plz do better,3,0,Promisse Calloway,,87.0.4280.141,14/01/21,com.android.chrome,+
2785,128247,https://play.google.com/store/apps/details?id=com.android.chrome&reviewId=gp:AOqpTOF2NeLFByo5_shOwD_MGutnBRsF-tvHY8RcnnFGCuovjSW-DaA8RClFUidOwQinFrqSWVQrRggi0Gw-HMw,Ok it's better,3,0,DANGER DHINESH X,,71.0.3578.99,14/01/21,com.android.chrome,+
2793,139079,https://play.google.com/store/apps/details?id=com.android.chrome&reviewId=gp:AOqpTOG_k-NuqlPJzG8ggtGhaJ6rWdDOGHqjpWzxPQtLK1hFyOwtiEQIF1ofrTc2ZlXpLU-c12hsConh-T3C7r0,Good,3,0,James Blessing,,70.0.3538.110,15/01/21,com.android.chrome,+
2827,139114,https://play.google.com/store/apps/details?id=com.android.chrome&reviewId=gp:AOqpTOGYj6Uh23Bt3GFoahB8Ka54gjLpJ0_5Db2Qs-yqOJ8TOJ6tZVrIT3I8dF-AHB287KOwT4XpjcO5aPd6dEM,Good,3,0,Aba√ü Koroma,,87.0.4280.141,15/01/21,com.android.chrome,+
2876,139163,https://play.google.com/store/apps/details?id=com.android.chrome&reviewId=gp:AOqpTOHYvcCkEiNcW8pv56XGsDTi4tGEYMAuWOF-C0ceMHAbHWgo-T4785hi5an79VSD4j5u-nn5wM8JBUYXXgI,good,1,0,saif khan,,72.0.3626.76,15/01/21,com.android.chrome,+
2914,139902,https://play.google.com/store/apps/details?id=com.android.chrome&reviewId=gp:AOqpTOFv7oC9of_XL72jiwLObCCxedP_cazoF2xbc7X9iiOGpljAnP5mk84NI3-Z3bOcN8tg3kp3dVVD6vJY91M,Good,3,0,Divya Ranjan,,87.0.4280.101,16/01/21,com.android.chrome,+
2976,139964,https://play.google.com/store/apps/details?id=com.android.chrome&reviewId=gp:AOqpTOEhLtNab1DQ22QDKj03fKzdtrkIVHqdFoAt_GEx_tXY_KwGyGWTaeCUb8D3DgY07w--iWILJ1MKTtj2-ho,not bad,2,0,Ali Hadi,,87.0.4280.101,16/01/21,com.android.chrome,+
2993,148155,https://play.google.com/store/apps/details?id=com.android.chrome&reviewId=gp:AOqpTOEBI6dHkuZ9HjrtWkaIvFRpug_aDKOirkIFJjfStQFvqon83f3nbdYXk5ltBjy3R2cRgV0ltt6P7e8A_gY,Nice app üëå,3,0,Vaibhav Rajpoot,,86.0.4240.99,17/01/21,com.android.chrome,+
3033,148195,https://play.google.com/store/apps/details?id=com.android.chrome&reviewId=gp:AOqpTOGWYR80scBVhFXfOq7z-kkKRR4i5bOpsnLrtflX-ZXRGArIlrb9DffZwLbdlEtNwXjfiQhgCHndEXMrWXA,Great experince,3,0,Eliza Phiri,,54.0.2840.85,17/01/21,com.android.chrome,+
3044,148206,https://play.google.com/store/apps/details?id=com.android.chrome&reviewId=gp:AOqpTOF-SOtWKtHvjtZGrNKZrR4cpQyOFJrIn1VvtyVZ03SrPqYKypLi4OMKY_XXKSXcWvtVfkhcyk4MpM-XTiE,Ok,3,0,Ayush Kumar,,86.0.4240.185,17/01/21,com.android.chrome,+
3054,148216,https://play.google.com/store/apps/details?id=com.android.chrome&reviewId=gp:AOqpTOFFddQIFvfQTfx4bnZpq6KB31AX4nZ0ZZIzilb5oDZKNloXDaFfGInRZvYsizgFIuIl0kFXXmMMFLXo1Lg,Wow,3,0,Abhishek Soni,,86.0.4240.185,17/01/21,com.android.chrome,+
3060,148222,https://play.google.com/store/apps/details?id=com.android.chrome&reviewId=gp:AOqpTOHuxsqw5--QSiFY1_888Uqp80GSAj-_29NEhUJ7lHaADnbTU9rj2UrMQZLX9kXFrCgIxR2mePZB_eSmTZw,Good app,3,0,Rejekul Islam,,56.0.2924.87,17/01/21,com.android.chrome,+
3096,156271,https://play.google.com/store/apps/details?id=com.android.chrome&reviewId=gp:AOqpTOE_I_-q59sYVeQM7wUCTXW4ftkUWxYsGOGzYpTeTVxu52XvXN8-k4TVwOQgJAut2cKkGRwrjFUyhLTS1es,Nice,3,0,rambharat dwivedi,,87.0.4280.141,18/01/21,com.android.chrome,+
3097,156272,https://play.google.com/store/apps/details?id=com.android.chrome&reviewId=gp:AOqpTOH8_fZTbilsN0xvfw6TNNCgX9EtFHXOQkDzzuP9cSkF4awtv1BoFNDRHoZIcyUINk0BZzo2UoG7oCBejZk,Fab,2,0,muhammad Zubair ilahi studio,,86.0.4240.185,18/01/21,com.android.chrome,+
3119,156294,https://play.google.com/store/apps/details?id=com.android.chrome&reviewId=gp:AOqpTOFaQXwu87-dyx965vP_lkFyJ0WJTpjfGj9e6XyHv05LhJUBiitIUdz2WruhKJycOhU9SS9W4AvNyqs1JIQ,Good,3,0,Mohan Verma,,43.0.2357.93,18/01/21,com.android.chrome,+
3129,156305,https://play.google.com/store/apps/details?id=com.android.chrome&reviewId=gp:AOqpTOEhD6FDDDz4FgQHsmEnFm_6cwm8oxXikaCGpMmN9CUK9T_pzJ3FXUe-HtiWouQh9TsyzRHkmAiWgC5EcMM,Good and not good,3,0,Dakota Baird,,79.0.3945.116,18/01/21,com.android.chrome,+
3131,156307,https://play.google.com/store/apps/details?id=com.android.chrome&reviewId=gp:AOqpTOGGKTXv9zZTGGICbn4lVsJ4fN1ORc2iS50AdO70_auVuqOs4w9FMjtiOloujaL0Sl9ETfpf30M4VapZVP8,Cool,2,0,Thembeka Mahlowana,,87.0.4280.141,18/01/21,com.android.chrome,+
3154,156330,https://play.google.com/store/apps/details?id=com.android.chrome&reviewId=gp:AOqpTOF6RV_cDOxeavQoUeHA4SPfzOJdOxz30U8uN7COdvbn_499gTYwoR9lcDbKG5ttiy5jqlUsVFP2srRyxvQ,good,3,0,shahzaib machrani,,87.0.4280.101,18/01/21,com.android.chrome,+
3187,158425,https://play.google.com/store/apps/details?id=com.android.chrome&reviewId=gp:AOqpTOH5QorimQ_0L_4cyv-Am2jwTLzJ2K8iV_fOIst_BmrMw0lmoP9PXX0JE03r5VdZfGTsowOIu2F0OitAFno,Ok,3,0,Maria,,84.0.4147.125,19/01/21,com.android.chrome,+
3188,158426,https://play.google.com/store/apps/details?id=com.android.chrome&reviewId=gp:AOqpTOE4OOsD4Qxy88kKxbOUxPO-fbeHZyeBeF74X6D64w86Y0nyhxC71auhwQzMAZorxUQYYOv-hHDoxl3XUJA,Good,2,0,Amaingiro Grace,,87.0.4280.101,19/01/21,com.android.chrome,+
3190,158428,https://play.google.com/store/apps/details?id=com.android.chrome&reviewId=gp:AOqpTOE96WmyTrZOU2Ywlf6oHbVNf0IlIVsbWh4xes1Oc0my2CYOUABSauFxZyGaSHg2nVkKVbVRkYf9N4k98nE,Good,3,0,Peter Noko,,77.0.3865.92,19/01/21,com.android.chrome,+
3195,158433,https://play.google.com/store/apps/details?id=com.android.chrome&reviewId=gp:AOqpTOHe16fS3lZfwwsVho_iFvVzyxoDKZkLa1Np6j-s64yngjqw6ihVWJAwZc_pGbBV1ywptDj-ahzNgwiMsU8,Google is better,1,0,Georgia Lovett,,86.0.4240.75,19/01/21,com.android.chrome,+
3239,158477,https://play.google.com/store/apps/details?id=com.android.chrome&reviewId=gp:AOqpTOHoLJ5WKXUYeHzOAUTdrnMCU8GxvDLicuE6F3dqYnVWtVdn_DKZMyRgSMkltEIudtYJM9cXrSP5iXxtB34,Oküòéüòéüòé,2,0,Trent O'Brien,,87.0.4280.141,19/01/21,com.android.chrome,+
3263,158501,https://play.google.com/store/apps/details?id=com.android.chrome&reviewId=gp:AOqpTOGoxWiFUnt_n_kbG7Qfc1tvNYp7CAiXvIydwCImLhnzv1dYv7PSM99sDrexCA6RsFmgl7iD5j-Xten181A,Nice,3,0,games star venkat,,83.0.4103.101,19/01/21,com.android.chrome,+
3318,163980,https://play.google.com/store/apps/details?id=com.android.chrome&reviewId=gp:AOqpTOEO9ugotKnwuXdpB_RsdjtQZ-vbYgZjf3tcNzP5wAhdKypquPxkEF1M42wKlo4sDbbJJrVyCvXaRgyOVSI,I was impressed,3,0,John Mackendry,,55.0.2883.91,20/01/21,com.android.chrome,+
3338,164000,https://play.google.com/store/apps/details?id=com.android.chrome&reviewId=gp:AOqpTOGgXbFuws7Yd0klLAOwTVIL0FO-hzf6zCLxMmg8LL78X4eID5cBITvYUVGUAkUkk9SGLg4fFUj1hxr-9XA,Nice,1,0,Akshay Rathod,,83.0.4103.101,20/01/21,com.android.chrome,+
3358,164020,https://play.google.com/store/apps/details?id=com.android.chrome&reviewId=gp:AOqpTOHODSNJX6Z13Vc-c4sUCyfYsHTpSeh0frmoJBOjf3nYUVdKxAyPiL4lME0Bxr1vRmRdjx67v-KpO2bnVTk,Good,3,0,shiva sai inapanuri,,81.0.4044.138,20/01/21,com.android.chrome,+
3376,164038,https://play.google.com/store/apps/details?id=com.android.chrome&reviewId=gp:AOqpTOG7bPq_eaEYeRsQRuVbTiM7IE1xwD-WYyA-H2PrXNfXxHtRVtpacfz8P13pNRE21Uc6y1eWAMZVNK3wh64,Better,1,0,Edith Senyane,,42.0.2311.111,20/01/21,com.android.chrome,+
3402,170292,https://play.google.com/store/apps/details?id=com.android.chrome&reviewId=gp:AOqpTOGFNFtYYxztOwhb3eYDPlHB01pRcwznyE00IiAiTb1JN-Qqa8_KaLsZCR_hVH4X7wtQpmCFn8jcX08xI9c,Cool,1,0,Dody Mukoko,,84.0.4147.111,21/01/21,com.android.chrome,+
3409,170299,https://play.google.com/store/apps/details?id=com.android.chrome&reviewId=gp:AOqpTOFBSJvWXcKEdHJBZermH0pm-JVAwESYzEuISe2M_-EkjqbWJRo6hJBDBQTMqI7i-mE3EjvNGgDR4v4Xrwg,Nice,3,0,Riyasat Ahmad,,87.0.4280.101,21/01/21,com.android.chrome,+
3430,170320,https://play.google.com/store/apps/details?id=com.android.chrome&reviewId=gp:AOqpTOEZ-APOngeMiRixWB0f5PFccHc3eIdCz0kHGI9Z0c5xnUWK7_dAc10rPiAAr2KYmtcPQU874idHzkwLgm8,Good,1,0,Farin Akhtar,,85.0.4183.101,21/01/21,com.android.chrome,+
3437,170327,https://play.google.com/store/apps/details?id=com.android.chrome&reviewId=gp:AOqpTOGM0JmdRN2b_2r1q1C8WhwDRBhRJRJ2aROeJ_EwJY1Pj73awealzUPlZf-RiCg0WdmTVPCmlppaneCMD4I,Wonderful,1,0,Kefi Pathan gori,,80.0.3987.99,21/01/21,com.android.chrome,+
3520,177104,https://play.google.com/store/apps/details?id=com.android.chrome&reviewId=gp:AOqpTOEAsm-7LUTIQf8cmvthtEpR8I2mvbu4cCquE65Kbair3dLk6b-7bOVSAIsiz4AAnVivZH3TrRkIPy1nQiM,Good,1,0,Kimhamed Hussein,,70.0.3538.110,27/01/21,com.android.chrome,+
3525,177109,https://play.google.com/store/apps/details?id=com.android.chrome&reviewId=gp:AOqpTOG6ZabSb6hlM6OFUIN4n1EwtHjcUqJjFLzaC34Gg8oZ7rdQ5GNx3K-UFgjW8TcuMbqil6ANC1U8VQzgnJc,Super,1,0,kiran chalam charla,,86.0.4240.185,27/01/21,com.android.chrome,+
3531,177115,https://play.google.com/store/apps/details?id=com.android.chrome&reviewId=gp:AOqpTOHUs8gUzETVyp1o0T532WZmhMPzd6Ika8OI2MiqI6tMfrUn1St40cj08xLACJiJZ26d4PGznLgiZw2WAns,Nice,3,0,Naveed Khan,,87.0.4280.141,27/01/21,com.android.chrome,+
3552,177136,https://play.google.com/store/apps/details?id=com.android.chrome&reviewId=gp:AOqpTOEDPU-7umriMoP5escbBde2VAuuLHgOftyUFL-5rS24WRheC_mCHvj1FN5nCjtVbInI_Quf32gfeUE0eZ8,Wonderful,1,0,Roshni Thankur,,87.0.4280.66,27/01/21,com.android.chrome,+
3589,181853,https://play.google.com/store/apps/details?id=com.android.chrome&reviewId=gp:AOqpTOG0hyXAMHYCFcwTkTTN81-JQxUtech7e7MG123WqZmhc5Q8PJbrQtvE6Ug1CM4gNbL4S7YyQYpEtznt6jw,Good,1,0,Namuco Dante,,,27/01/21,com.android.chrome,+
3597,181862,https://play.google.com/store/apps/details?id=com.android.chrome&reviewId=gp:AOqpTOFXLXofcm13aSQy1Rlqfrz0xn4Fo977c3jSsTCzJCae8DRwXcKrRkiD1ItFWvE_aC4HRns48LBt-ZRqTz8,Nice app i like this app,1,0,Sneha Dulgach,,70.0.3538.110,27/01/21,com.android.chrome,+
3611,181876,https://play.google.com/store/apps/details?id=com.android.chrome&reviewId=gp:AOqpTOHXRRRUECbS1uw_gbGAtPDLWGK3y7EWE3jX4NBQv99EMuiYpwZTUhCHA69gE7fTliVHSMBPaoLx8XVHlWQ,üëå OK good,3,0,ipl match point,,83.0.4103.106,27/01/21,com.android.chrome,+
3618,193165,https://play.google.com/store/apps/details?id=com.android.chrome&reviewId=gp:AOqpTOHsoFANBEsXdlZFE5wQQMIrr4mrojb1lwxCrx6iIyggdgWIdE463mLDCaNDPMaxAfLwJ1DQf8alhZ8uo8Y,Nice,2,0,varun manchala,,87.0.4280.141,27/01/21,com.android.chrome,+
3628,193175,https://play.google.com/store/apps/details?id=com.android.chrome&reviewId=gp:AOqpTOEZRgxkIqeaG4pXwk2Ing7vidsFSGQ-w-ttMGY60O6ycMzhQGX0F-LcTd47vfl5yIZ1BwYhsdJqutetztQ,Good,3,0,kombat kombat,,84.0.4147.105,27/01/21,com.android.chrome,+
3671,193218,https://play.google.com/store/apps/details?id=com.android.chrome&reviewId=gp:AOqpTOGGEuwUAHFpvqZUux9VyOT7NoccmP1RXmL-hNRBk8ZQqa8c92GturZR81CaX_n56tacgb46DklW4t1-QPE,Not bad,1,0,Elizabeth Otieno,,86.0.4240.110,27/01/21,com.android.chrome,+
3696,193243,https://play.google.com/store/apps/details?id=com.android.chrome&reviewId=gp:AOqpTOEYzU9WUse4zl1gT_OFKuH9tfr0ijvUgYcsIlHzvnsb4hqbriFvCiWBxkCIkGKloSX3IammVHjNwFReBlw,Nice,3,0,Sagar Mhetre,,85.0.4183.127,27/01/21,com.android.chrome,+
3784,198459,https://play.google.com/store/apps/details?id=com.android.chrome&reviewId=gp:AOqpTOHhexzUjemxFx7eMZawrwKoG50La_jXeQ9wUxR1SmdHj1aDS6vV7GWi9SNEFjxp7GC0QqEipfnhDoQ3Lxk,Ok,2,0,Ahmed monowar Fatima,,88.0.4324.93,28/01/21,com.android.chrome,+
3794,198469,https://play.google.com/store/apps/details?id=com.android.chrome&reviewId=gp:AOqpTOHKm2Sqq8pRx_K7mGU6-7jDqmfEPrU75VCVeyX4TWykYXUnbjwbMzaC7cAe49io_Z_anJGAcRNsWeD0BKA,Nice,1,0,Nitish Nirala,,87.0.4280.141,28/01/21,com.android.chrome,+
3799,198474,https://play.google.com/store/apps/details?id=com.android.chrome&reviewId=gp:AOqpTOEL34hYtmxps-c_LgAjFhktWHlJd1OWdk5s67h2tQHwlH_XoSNSWZpTkfx5f4HtoCOPRopdrJuZFg9hsWY,ok,2,0,karthi keyan,,86.0.4240.185,28/01/21,com.android.chrome,+
3819,208950,https://play.google.com/store/apps/details?id=com.android.chrome&reviewId=gp:AOqpTOEbSlcdF640swqdcC9AIthWwA0ajLvt7AWE756q8J1m4yFfqT9OMj_Y2_ITjN6HJrhlBrpFF1DA_ouhe8w,Lol Lol,2,0,Sameer Siddiqui,,87.0.4280.141,30/01/21,com.android.chrome,+
3933,210946,https://play.google.com/store/apps/details?id=com.android.chrome&reviewId=gp:AOqpTOE7Nd3x4Z4ixFOlGsR9whmrjS3XTT6-ANm_tQJD56CB0lxbJ9BZYS1k_FYc_XE96H_9xc_5yGMp7RMta5s,"I amazing happy with your service‡•§ thanks To all Myself ,booss good blessed to all,",3,0,Khan Ria,,77.0.3865.92,31/01/21,com.android.chrome,+
3945,210958,https://play.google.com/store/apps/details?id=com.android.chrome&reviewId=gp:AOqpTOHAb4rsVIbPGhaxKnOvziHa6822tlYm660b-92LVOzN3dqFOiLM5okeekXokSLsg0Jkqzyr7jhP3LFDXPo,Nice app,2,0,Maryam qureshi,,55.0.2883.91,31/01/21,com.android.chrome,+
3957,210971,https://play.google.com/store/apps/details?id=com.android.chrome&reviewId=gp:AOqpTOHsFCTuxdb45oSqvWKR2utqoE76WCGvgTtobRqnaLdLL7z_OHogai3JdoXrc7J0J1VqnsM1MYWPti5ZDXQ,Good,3,0,Gajanan Goral,,73.0.3683.75,31/01/21,com.android.chrome,+
3958,210972,https://play.google.com/store/apps/details?id=com.android.chrome&reviewId=gp:AOqpTOHWlSR8HQpWFd_aCC5pIASCcRiNLraQJ6jpqaLJtSuGBDrhrqulM27XwUD_SvGjO---foKKpKp4jzrw-J4,"nice,‚ú®",1,0,brian choge,,84.0.4147.125,31/01/21,com.android.chrome,+
3962,210976,https://play.google.com/store/apps/details?id=com.android.chrome&reviewId=gp:AOqpTOFgO-Io4MgGxv4q3JW0OW7fo85wi3_FVI2IzlpudWpJQksCiKWtFJveox5xIJxaJWS_hsoPL56peZFMTC4,Good,3,0,Seven Ulat,,88.0.4324.93,31/01/21,com.android.chrome,+
3966,210980,https://play.google.com/store/apps/details?id=com.android.chrome&reviewId=gp:AOqpTOHSC_MyFHZ4Nb2nJhPZq4kp7GB8yRQKwOpCPZ1qc551SkzXi80YOf1isWzGBcNml4Es4Iw-1huaFMLWWqg,Good,2,0,Tanvir Ahmed Shakil,,86.0.4240.185,31/01/21,com.android.chrome,+
3987,211000,https://play.google.com/store/apps/details?id=com.android.chrome&reviewId=gp:AOqpTOFToISYOWr7Ck13wkZEE-LVkYhREeoY467iiSAuiRf-YNeYcW1I2LAL6HkARz1LvJZOHA6Lsl2Sa9rAdjs,Cool,3,0,Chris Sharp,,88.0.4324.93,31/01/21,com.android.chrome,+
4023,229673,https://play.google.com/store/apps/details?id=com.android.chrome&reviewId=gp:AOqpTOEmBYD2K7dzWg7yGCquT0lHoujc7u6BCuTUZuT2ClUxtAtCY1Ct08x2nkSgWaNTfNFTHHEtic3BkG8VPA0,Good,1,0,Tambi Maniam,,88.0.4324.141,02/02/21,com.android.chrome,+
4026,229676,https://play.google.com/store/apps/details?id=com.android.chrome&reviewId=gp:AOqpTOGWXW2eGS656eH8vT3UHFEk3xyILbZ5ZFklXZqCIsV2OHEKVgUz4qxJyAhTZgtaNfMgSeleCetMLorZs-Q,Good app,3,0,vishal gupta,,85.0.4183.127,02/02/21,com.android.chrome,+
4032,229682,https://play.google.com/store/apps/details?id=com.android.chrome&reviewId=gp:AOqpTOFZ-3GYs24fch0TS0kGUSn18oisA3Pb8x4ikQIldpfqnZxO0dnUYeBbA4Ivkc5FPAq-7TmwDQTJD640TpM,Fine,3,0,sp st,,88.0.4324.93,02/02/21,com.android.chrome,+
4060,229710,https://play.google.com/store/apps/details?id=com.android.chrome&reviewId=gp:AOqpTOFAXCqJlY0QGXTSNpFxjuq3zUimF65JEAtZYu_u23DVu68sJsDsTJE4_pi3W3dDHg4Ma3RtcDZ9tpFDFCw,Excellent,1,0,selvamani shanmugam,,81.0.4044.138,02/02/21,com.android.chrome,+
4090,229740,https://play.google.com/store/apps/details?id=com.android.chrome&reviewId=gp:AOqpTOF-_uyC9-yug3PSrbEBpyXwAxImIn6Bz9Cb5-iU-wHe8iOs5HFgQA4MvhPFzGiZSB2WIswznC1TuX694EM,So good,3,0,Gulam Sarwer,,88.0.4324.93,02/02/21,com.android.chrome,+
4093,229743,https://play.google.com/store/apps/details?id=com.android.chrome&reviewId=gp:AOqpTOGdI-aqjLA4VCV7xUHUthJLMete3B8QocX4Oc8LTdyj8OWSAIC2hS9Uab9FHwwRyAL72uThvKb5f_vM_7I,Awesome,1,0,Zuber Malik,,87.0.4280.141,02/02/21,com.android.chrome,+
4154,236593,https://play.google.com/store/apps/details?id=com.android.chrome&reviewId=gp:AOqpTOH57mDHnr0S3r1zDWJyY8jH2xNjGEmYYzOHFoaa_QGamvM_StFxVZ7jx_cvhQ_hRY2ft903DqDE_WZi3pg,its so fuccing helpful,1,0,Al-jazar Alico,,85.0.4183.101,03/02/21,com.android.chrome,+
4162,236601,https://play.google.com/store/apps/details?id=com.android.chrome&reviewId=gp:AOqpTOE29JyVpWwc_o16pnfUnW3Ixupf9mwjez9DuF9-S_mddvNY9S-8JXK9nzMpketncm82pe2xORLUIRmdf_g,Super,3,0,SMART FOCUS Mathi Ganesh,,87.0.4280.141,03/02/21,com.android.chrome,+
4164,236603,https://play.google.com/store/apps/details?id=com.android.chrome&reviewId=gp:AOqpTOHl6SYC7JvoyfK9dS2PKlAjIRW6Mzf8F8iIpbYV8AyS31T6UQeQfSQ57qLBr5LgrBz-KVtsg0EYyaEYIps,Ok,3,0,Monu kumar,,81.0.4044.138,03/02/21,com.android.chrome,+
4174,236613,https://play.google.com/store/apps/details?id=com.android.chrome&reviewId=gp:AOqpTOFeUqz8HYEX9NIXU__wNrr_TGUSGxaqXF06pH7g75onqWf4vQTcXhGG0eRluYseNsL0RCj3OHYXD6pcPPc,Good,1,0,Akash pradhanji,,87.0.4280.141,03/02/21,com.android.chrome,+
4178,236617,https://play.google.com/store/apps/details?id=com.android.chrome&reviewId=gp:AOqpTOHIuT69_Fdjc6y2SGEWA_YeLBc1l1t6KOSbRGmGPwQYjP3yWx8NZlFRXfpB7p5NY4vfR0JkKD_wV8wawes,Good luck with,1,0,Mohd rafique Sayed,,80.0.3987.99,03/02/21,com.android.chrome,+
4284,255773,https://play.google.com/store/apps/details?id=com.android.chrome&reviewId=gp:AOqpTOGtAk1x3PzRX9Pkk6QO75geEcv7CFWbcVrAIfQUfZ_v9TCAsJ9vLIoT_-4U2LBVg-bGeO9EaaS3h2WBc30,best,3,0,Natasha Shafiq,,87.0.4280.86,04/02/21,com.android.chrome,+
4303,255792,https://play.google.com/store/apps/details?id=com.android.chrome&reviewId=gp:AOqpTOEhcwix_eF5jtsvqgc6FSLnCsXeO6MsZBfX40zdH8BJg6uPP2Uvp-2p2fi--1VH6rqfAXZigFKhEABAQoI,Good,2,0,Chandan Kumar,,87.0.4280.141,04/02/21,com.android.chrome,+
4361,269431,https://play.google.com/store/apps/details?id=com.android.chrome&reviewId=gp:AOqpTOF-N8o1MvTgC75BEsa7TsrmJexujNqCvtz_mQ5AyFP_4IMbz6FJcx6lNlz2w3EMiClilF-RE8246zR7lwQ,Nice,3,0,i 07,,83.0.4103.101,05/02/21,com.android.chrome,+
4369,269439,https://play.google.com/store/apps/details?id=com.android.chrome&reviewId=gp:AOqpTOEA8sK-UwL0Z33L9rjTfMgR3TH1_XfEbXUfNxtvNhCbljDY8j7GRGXSt8WS8pSoV3qsmm75-TR8cKgUXlA,Good,3,0,musiimenta tom,,43.0.2357.93,05/02/21,com.android.chrome,+
4370,269440,https://play.google.com/store/apps/details?id=com.android.chrome&reviewId=gp:AOqpTOE7V8tBncEWmuSlPuG37wYeDQEpqE9SqQ5XcxdphhF0gGByQV_mi2uWrKvo633Qr5aTrlJUu2pxzKRA0HM,The App very good,1,0,Sharif Sayeed,,86.0.4240.198,05/02/21,com.android.chrome,+
4413,278872,https://play.google.com/store/apps/details?id=com.android.chrome&reviewId=gp:AOqpTOEPhV_uC6edlaSYdjdHrUXNGKq7Col3O7XgYPWDSfTAI91WNRF1YWO3cc6KHQgcXeBuIrAXMX8tx8Yqbjs,Very effective.,3,0,Eddy Lifasi,,85.0.4183.101,06/02/21,com.android.chrome,+
4422,278881,https://play.google.com/store/apps/details?id=com.android.chrome&reviewId=gp:AOqpTOEdueNZf8Gqxp-RXvfCcazdhrKX3orVVHN6PzECGCw2SJGAcpeyaxehFCTTG2Ht0STFtSYL5wIqtq-uHYc,good app,1,0,Sarwardi hamza,,88.0.4324.93,06/02/21,com.android.chrome,+
4460,278920,https://play.google.com/store/apps/details?id=com.android.chrome&reviewId=gp:AOqpTOElVl3TnRbTVZzA9fQHNpL-OUf8tYbVJCP7hJqpfly4-sZd17N9qfBVDsAzY0iKllvcfKARNJXn2bhXcg8,Nice,3,0,Pralaynath Jadhav,,88.0.4324.152,06/02/21,com.android.chrome,+
4477,278937,https://play.google.com/store/apps/details?id=com.android.chrome&reviewId=gp:AOqpTOF2UiUapBo073Jqu4ZbGThDb0Ditv-RtvTd9VRwSEDxH3HHYZrdK4rHnsEQt75JWEklM4XsMGQav874Eb0,Best,3,0,ziaul hasan,,86.0.4240.198,06/02/21,com.android.chrome,+
4482,278942,https://play.google.com/store/apps/details?id=com.android.chrome&reviewId=gp:AOqpTOH0hIFYp00UeRw1IgGgYtOTjx6HXIjecdZ1ciP48bAuKAGx9_911Z4ZLG-KOCTcWcLOeFs8wBbSie83RYM,Its ok,3,0,mostafa far,,81.0.4044.138,06/02/21,com.android.chrome,+
4500,278960,https://play.google.com/store/apps/details?id=com.android.chrome&reviewId=gp:AOqpTOECeVCGXrjONjnbFcHBb4rK-NXH2cll4sDd79qHcZ25qoPcI26Vh6HA0dGtdxKd5Ucx8fp-UFlFDdzHprs,Good,2,0,Ajay Pardeshi,,87.0.4280.86,06/02/21,com.android.chrome,+
4502,278962,https://play.google.com/store/apps/details?id=com.android.chrome&reviewId=gp:AOqpTOFEh_fp0HOm5z2WWNHpopL4VHXpYrqQW4yHXGfDcMMZPxBrcqGAuYnmp32Hj3yhmJ4OKbue4wNHFt288tc,Nice app,2,0,Rj King,,87.0.4280.66,06/02/21,com.android.chrome,+
4559,303358,https://play.google.com/store/apps/details?id=com.android.chrome&reviewId=gp:AOqpTOHEmyX6W_GJ9qErg5DJNkjTIY1yXQFFFLXiOn11ke6mtmoYIzO45-pFwDXC2JyEjkFVfHMeSqPoAsVl5y4,Nice app,2,0,Adi Gaming,,86.0.4240.198,07/02/21,com.android.chrome,+
4588,303388,https://play.google.com/store/apps/details?id=com.android.chrome&reviewId=gp:AOqpTOHHQjvqrwvxe1Hc-Rtltryvnb2kv1OQg9r0twpheiWW0oycwBmsbMzypJjDvKzkeOWqMT3EP1snQXHm2Ro,Nice,2,0,Manesh Tatkare,,88.0.4324.141,07/02/21,com.android.chrome,+
4663,312953,https://play.google.com/store/apps/details?id=com.android.chrome&reviewId=gp:AOqpTOGwMdHwRarRqzoa-qsQd98rj1TkrrKzmLnC9Ic38i4w0PLmTMs3C_1XkGkf7XvnohEYCUYlQHIJDnuszlo,üòÑüòÉ‚ò∫üòâüòÅüòå Good Luck To U üéÑ,1,0,Satish Satish. Lone,,74.0.3729.157,08/02/21,com.android.chrome,+
4674,312964,https://play.google.com/store/apps/details?id=com.android.chrome&reviewId=gp:AOqpTOGYMNgpqUKDD2ObSa7x8PRAM4FKrd_0psQRSvasMnFCO_tLkf-RrF1bphFyUwKcaCnFn0wqPixBl1VutGQ,Cool,3,0,TOMMY Johnson,,88.0.4324.93,08/02/21,com.android.chrome,+
4688,312978,https://play.google.com/store/apps/details?id=com.android.chrome&reviewId=gp:AOqpTOFHMglaM_iLOiBpUySmX62P7VRQhCHMRU_319nk2AHa5A7PqQLYL83-HcBWWlSKdnZmZJ1uYujc1V27ZSU,Thx for the tabs,1,0,Imre Jenei,,88.0.4324.93,08/02/21,com.android.chrome,+
4748,325689,https://play.google.com/store/apps/details?id=com.android.chrome&reviewId=gp:AOqpTOE2-MrGLpAAi4e6qCtwWe14b_tKwtEGeq8d_TsiCScbS8dBXktXglrPOfuWdumpz_MPwXInpAY8Glyv-MI,Nice aap,3,0,ankit negi,,86.0.4240.198,09/02/21,com.android.chrome,+
4771,325712,https://play.google.com/store/apps/details?id=com.android.chrome&reviewId=gp:AOqpTOHfH5PPUXnNdf45C0UacoX3ZvYzUIC6tiN_dCbAK6qgnAhPKnvHPLkYfAk_iUnROejtWcQcgJiy9PpsHLw,Ok,3,0,Bondaladinne Manohar Babu,,86.0.4240.185,09/02/21,com.android.chrome,+
4777,325718,https://play.google.com/store/apps/details?id=com.android.chrome&reviewId=gp:AOqpTOHzzD_WnYA72aX7n6S8Sa-SLOOr8PUhNpWJdd-22ZhBFs12wyA-_io28SyGA4G4ImrKTOQPl4N-AX4V_jY,Good,3,0,PUNEET V. TRIVEDI NSD-96,,88.0.4324.141,09/02/21,com.android.chrome,+
4778,325719,https://play.google.com/store/apps/details?id=com.android.chrome&reviewId=gp:AOqpTOGPXeX_6y2cgYN57WNAaG-qKaL-VxPaAjJxWYqHZTuowpM0FK355fXw19uoGYfY28Qspov94x5qhK6DBWw,Free mb,1,0,Hamid Saif,,84.0.4147.89,09/02/21,com.android.chrome,+
4806,325747,https://play.google.com/store/apps/details?id=com.android.chrome&reviewId=gp:AOqpTOF24OxzWX2kZTGGtOwuskFjFXlE6BGsX6Zm1vza0DBnqZbDbnmX35TMEh2HAUGXeB19Z4YVXKdCJLPYZ_Y,Good service üëçüëçüëçüëç,3,0,shahdab khan,,87.0.4280.86,09/02/21,com.android.chrome,+
4808,325749,https://play.google.com/store/apps/details?id=com.android.chrome&reviewId=gp:AOqpTOG0sgbIybzzuFONgHG5uAJxn5T-w6u295RSTvZRMX-iGyz6VFP5nrIgEgiJt6Qx2OtLsNtSi86NVjPLfWQ,Best,1,0,Rahul Singh,,83.0.4103.106,09/02/21,com.android.chrome,+
4888,341797,https://play.google.com/store/apps/details?id=com.android.chrome&reviewId=gp:AOqpTOFyCOEu7mJyr1HpUf6nfc_BxVcEs5yhUZNXC5vzILSsz_vsOR3jAPsuY1hnXV-lFHyf3GuhNMzoUm7W5DA,Good,3,0,Akhash Mangrio Mangrio,,63.0.3239.111,10/02/21,com.android.chrome,+
4929,348940,https://play.google.com/store/apps/details?id=com.android.chrome&reviewId=gp:AOqpTOFUGi8ahT2SbETYH7T0sSTTAeFGxy4xWe695KyDz2wDHbYnW7CGuWnKBIvdTEanizJrnZuHj-6cRl9d9tk,Very nice,2,0,Neeraj Kumar,,88.0.4324.152,11/02/21,com.android.chrome,+
4944,348955,https://play.google.com/store/apps/details?id=com.android.chrome&reviewId=gp:AOqpTOFmL8l_G4Ozv3Wu0WcZzwNY-GJ_BEnnPaTtDZB8Af3Y_m2g_-f8MHraLEaoBNQRWDJ7gN_DL4Sh2eu5PEw,Ok,2,0,md shuvo,,88.0.4324.141,11/02/21,com.android.chrome,+
4965,348976,https://play.google.com/store/apps/details?id=com.android.chrome&reviewId=gp:AOqpTOE9QzXqTkN4JNKiddePh_1eGofMvS5WHQP6KUYr4H6wc8nrZ0A4Xeukew1-8fgIiyCZxzKgnZU8lSx92nA,Very good,2,0,HDR CREATION,,86.0.4240.198,11/02/21,com.android.chrome,+
4975,348986,https://play.google.com/store/apps/details?id=com.android.chrome&reviewId=gp:AOqpTOF3IyzhF1m2swwIGVOJPQMkuePewl7DJSGCIuPQFYByQE6WvyLQ4Y55B9Ir2aOGrWcCqwpJ_iVNZhhSpJU,Not bad,2,0,Andy Marwanto,,88.0.4324.93,11/02/21,com.android.chrome,+
4997,349008,https://play.google.com/store/apps/details?id=com.android.chrome&reviewId=gp:AOqpTOGhvP6agpg4J3mMsEJdBGnI5BaG_FjEDTYwDi5UUM4SkFZsrnjfG9TUQaihWqmprKN7mO3WvUnw7dC-y9w,Ok,1,0,li123 kim,,88.0.4324.93,11/02/21,com.android.chrome,+
5018,369097,https://play.google.com/store/apps/details?id=com.android.chrome&reviewId=gp:AOqpTOG8y_zVScHIbfR7QIrFtFLyJtpeelbyPsDUA0Z85LwfIIN0cKlrCLORL9Cdu264j3ryVPc15t7O2Rvps8Q,Good,3,0,M Khuzaifa,,43.0.2357.93,12/02/21,com.android.chrome,+
5048,369127,https://play.google.com/store/apps/details?id=com.android.chrome&reviewId=gp:AOqpTOG8k8orKUFJbzWgZAyT-st3aZYJ_qr1j8VHtgNOK08YpEFDjLu4-Z47q0eJFNEckukZGTin2a6uHH20ekA,Nice,3,0,Ravi Rawat,,88.0.4324.93,12/02/21,com.android.chrome,+
5097,369176,https://play.google.com/store/apps/details?id=com.android.chrome&reviewId=gp:AOqpTOEKseKUbHoscNtXlwM8JErxCU8GHJVhMUTD_JQ7SdgeJ6h88PILXKa0mXDFDRgxx0ofafjHzyvoTYRVdG4,Good,3,0,Sonam Wangdi Bhutia,,88.0.4324.141,12/02/21,com.android.chrome,+
5106,369185,https://play.google.com/store/apps/details?id=com.android.chrome&reviewId=gp:AOqpTOFPdzNop_PLeG4uKcCT9_e7DP1Nx0KUsOBQbSopn4JzP-K41ti-xVUof6B1d6PuZNbmCJ3skjSZtRdzzgM,Good,2,0,Rajesh Das,,80.0.3987.99,12/02/21,com.android.chrome,+
5108,369187,https://play.google.com/store/apps/details?id=com.android.chrome&reviewId=gp:AOqpTOFSk4WwEiDsw4p33nKvYUImBb7uHrPLl8h-6L1c6_PjoladIz5Zy-TEjtrObMbxBtjsjuoB06iasBWwNuw,Good,3,0,john ndungu,,42.0.2311.111,12/02/21,com.android.chrome,+
5128,390951,https://play.google.com/store/apps/details?id=com.android.chrome&reviewId=gp:AOqpTOEm0FG760iaiYu74HUtGyOXCfyqDXbfCHErPvsAEocBwqyYAVayB10L0HjWvZeeuYghw1Uef0gZd7KPy2M,Good,1,0,Asha Kumari Ashakumari1,,86.0.4240.185,13/02/21,com.android.chrome,+
5149,390972,https://play.google.com/store/apps/details?id=com.android.chrome&reviewId=gp:AOqpTOF9PFou7TZGRlWjcjFtQLN4elwX-z3V0IP2UJS2LNIYI99CdI9-EvCA4jFIUZMNMBXwvm7M5C_T3JN-a3s,very good app,3,0,naresh jaswani,,86.0.4240.110,13/02/21,com.android.chrome,+
5169,390992,https://play.google.com/store/apps/details?id=com.android.chrome&reviewId=gp:AOqpTOFjabJZ6C78kK02TEvJn82G67z_f2T-7wx8F2pGrQRmE-X1jvY9xIURA8wokj00a8uOH7IbdVyZre6w7jQ,Super,3,0,pranjal dahiya,,88.0.4324.93,13/02/21,com.android.chrome,+
5170,390993,https://play.google.com/store/apps/details?id=com.android.chrome&reviewId=gp:AOqpTOFsRouarIGx29opUJaJIp08SXhIMj3CLcuLkUSlwHphAyFLWzTcXCmM5IRD-G1wiz1g3nmz23fLp6ycytE,Super,1,0,Dilki Hapugolla,,86.0.4240.110,13/02/21,com.android.chrome,+
5181,391004,https://play.google.com/store/apps/details?id=com.android.chrome&reviewId=gp:AOqpTOGv4hvbfpL7BS5WP3wbAZmObK0mcrZlH5gTihTz9Zq1-oFkEGo6EukK3pHVfyuode29jr5CfxA-wkOVzxk,Good,3,0,Master Arif,,85.0.4183.81,13/02/21,com.android.chrome,+
5239,392762,https://play.google.com/store/apps/details?id=com.android.chrome&reviewId=gp:AOqpTOEoKsyEE8_XeD5ANows2J7qObFvSyvrcvKrMlTS83f4NVaFvitjOnufOFuAk4oWP10AxYX1qKs8hKpGWuc,Nice,3,0,Anwar Bari,,74.0.3729.136,14/02/21,com.android.chrome,+
5275,392799,https://play.google.com/store/apps/details?id=com.android.chrome&reviewId=gp:AOqpTOHcqtvnp-YtUNQ2dAACBdr9Uc1slgmXNwk-BqYhyji6sHP-KLhS0GsZAAAZZRLEdW2PA7d30lY4CuSrSCA,Nice,1,0,khan anas,,,14/02/21,com.android.chrome,+
5280,392804,https://play.google.com/store/apps/details?id=com.android.chrome&reviewId=gp:AOqpTOGZgYZLHNTUFpJ66NdOcPf-MUT-T5gErYlknxmwZTUKBeq1Jubx1OYhpsCAdhiTRp7TYRH18Fgneb5AcVs,Ok,3,0,Arman Srk786,,86.0.4240.110,14/02/21,com.android.chrome,+
5378,419461,https://play.google.com/store/apps/details?id=com.android.chrome&reviewId=gp:AOqpTOFJfW_oq98m8sNF24MA6aT4keZmxysnHEfGmlMV2K_UfiQUfZ8yCvYua5kJoSSw7F2Vie0cu57nYuba2DA,Good,3,0,muhammad danharu,,86.0.4240.198,15/02/21,com.android.chrome,+
5423,429698,https://play.google.com/store/apps/details?id=com.android.chrome&reviewId=gp:AOqpTOHCx5iHIgOedeVeMEFMLiHLyiTuZ-yGPTXbMzMA1bG-Zj8bUEdq2ynK5cu31jQJZ8EaLq1rNN3haSTae9g,Good,3,0,Oy Hello,,88.0.4324.93,16/02/21,com.android.chrome,+
5453,429729,https://play.google.com/store/apps/details?id=com.android.chrome&reviewId=gp:AOqpTOHHpPnqYJgYjH-o90ZfMyXC-e_psj13eZesSBmo-HnP2ZXr5a-ISC3gjRiQL1GM1zNttY8bE21-5VoswG4,Good,3,0,Apostle Maurice Mutale,,81.0.4044.138,16/02/21,com.android.chrome,+
5465,429741,https://play.google.com/store/apps/details?id=com.android.chrome&reviewId=gp:AOqpTOFdFwyRXdioa0MVkKMyGYZi1qFPTBLl9UT1Ivxop1jf6FcgWoAlavABbnoe_KL0DmwV7Ku1B-f_SVcDUxE,Ok,1,0,John Songay,,88.0.4324.152,16/02/21,com.android.chrome,+
5468,429744,https://play.google.com/store/apps/details?id=com.android.chrome&reviewId=gp:AOqpTOG5Bi3KPy_cdSBsediARLzadfy2VNbGP8KO6Eu3WwPVjQnuaBYlDda-w4oUWJ_Z2hoQuGvQSwMLhTDpyi0,Good,3,0,kundan rai,,88.0.4324.93,16/02/21,com.android.chrome,+
5492,429768,https://play.google.com/store/apps/details?id=com.android.chrome&reviewId=gp:AOqpTOFw60gPpVdHKM3jPUlqb2AO4yGzH_TrlMc7CmstVcY3aU-k4s3fgH8143FuT0jKuipdMlJpjBJtasZf0Ns,Good,3,0,Azrul Hakimi,,85.0.4183.101,16/02/21,com.android.chrome,+
5541,444279,https://play.google.com/store/apps/details?id=com.android.chrome&reviewId=gp:AOqpTOEAisLRukxg5Qe0IQr8Z_8w33ZdXa6Z6_UdK_UuNNvqY8hpBLTshTOsIh0sz-C1c18NtPXor45VxvKwd6o,Good,2,0,Movies Time,,88.0.4324.93,17/02/21,com.android.chrome,+
5566,444303,https://play.google.com/store/apps/details?id=com.android.chrome&reviewId=gp:AOqpTOExorhDre-0MPRY9GKDLgpyPHatXmTyTlc7xWpjSn8xPgGyA74nhSFvTUtJgV_3kQdb3gEP70wAfGQsoOg,Super,1,0,Vishal Rao,,80.0.3987.99,17/02/21,com.android.chrome,+
5571,444308,https://play.google.com/store/apps/details?id=com.android.chrome&reviewId=gp:AOqpTOE_OpYXeNnCyGaNELUzgfvHuCiLnNyY3wXdDWI6kAfkJxNQS4mcFsIaVtlXqLfAP5ORy-J4d2yB-F06V44,Ok,1,0,"‡º∫ S·¥ã·≠Ñgaming,",,84.0.4147.125,17/02/21,com.android.chrome,+
5598,444335,https://play.google.com/store/apps/details?id=com.android.chrome&reviewId=gp:AOqpTOEpMpNs7eWN4MBI2BUSNY3ENNjKiwEfuck7Rxe2Sg6qP2OxZsULCdlQjuleAcfQnGXajWuUhTWP9g7L61E,good,1,0,Ashish Pawariya,,85.0.4183.101,17/02/21,com.android.chrome,+
5657,462180,https://play.google.com/store/apps/details?id=com.android.chrome&reviewId=gp:AOqpTOEJSlC7lcaeym0sCBTKuzpQG6bwgidAzJ-__LSYQWNLwQagx_pEGO0RHtz6oCeLSqrqUIRn1SlGFuFEIrw,"It,s perfect",3,0,Bodo boi Vlogs,,83.0.4103.106,18/02/21,com.android.chrome,+
5661,462184,https://play.google.com/store/apps/details?id=com.android.chrome&reviewId=gp:AOqpTOFLy-D4d1MyE7i95gtSJzW8wF26P_Kx8MUpYoQ9LUkUhWqRYaVyuWFKk6gslSKIDUeYjV9nXh8FLZmb7QY,Good app,3,0,Vaibhav Saxena,,86.0.4240.198,18/02/21,com.android.chrome,+
5667,462190,https://play.google.com/store/apps/details?id=com.android.chrome&reviewId=gp:AOqpTOHdFoU0D9IH6wOFRioykXbYOxOZreUOQYnnEQJ5DYp9YuptgWABdiBUQ5_7qw7_ZHI_zgVQeDpb1u-a-EY,Good,3,0,Prem Kumar,,86.0.4240.110,18/02/21,com.android.chrome,+
5691,462214,https://play.google.com/store/apps/details?id=com.android.chrome&reviewId=gp:AOqpTOFOhprLDcw1-TwfsTFxXznqsgpuFMnfoi03fssh89X3Seh63ieL9A1HXZZ_U88orf3uqTfWQ3CEXrjj1Jc,Good Awesome People should use this app,3,0,Prosper David,,,18/02/21,com.android.chrome,+
5723,476345,https://play.google.com/store/apps/details?id=com.android.chrome&reviewId=gp:AOqpTOG9hQVUiVz9LmhQE9lanLV8_ha9M41EZUQDDGLheYflNzbko-U8msj-XXiKXLSTNywXUcuSYmzwtLTb0Lo,Better,1,0,Leeann Villafuerte,,81.0.4044.138,19/02/21,com.android.chrome,+
5750,476354,https://play.google.com/store/apps/details?id=com.android.chrome&reviewId=gp:AOqpTOGsjanqhkFmBe4BqEvadzmn0-76AX7Sx0UKh2uUw_0Rqi-6Pj6eR327mEB0gDknabuU1JKcF5nP0K1tRgQ,Nice,3,0,Ashok Sharma,,87.0.4280.141,19/02/21,com.android.chrome,+
5767,476371,https://play.google.com/store/apps/details?id=com.android.chrome&reviewId=gp:AOqpTOGPmuI55EaKe1sV21X59fQfPE8K4RkfPYXAT-YhY6jPO-5mqL8dsjZd5hKSJlz60nEmsdsIsrK8IqIrGyA,Good,1,0,Ankur Official,,83.0.4103.101,19/02/21,com.android.chrome,+
5772,476376,https://play.google.com/store/apps/details?id=com.android.chrome&reviewId=gp:AOqpTOE3_RDZJgkT9d1HE49qC-5uZysqChC2AWjT48h8MYMcXilFKX2EhNwQbZpYZPgibYLaFvnNCjMxrJsk7YQ,Ok,1,0,Sftian Khrll,,42.0.2311.111,19/02/21,com.android.chrome,+
5826,482318,https://play.google.com/store/apps/details?id=com.android.chrome&reviewId=gp:AOqpTOGHQGMi9zXGm6AZv68EjaAVKLXX2yMIfvYEhu5WJjStyBSvAyTK5CxGEzC0P7BUUqnmwyMN2c4KJs_9DeU,Good,3,0,Masrur Rahman,,31.0.1650.59,20/02/21,com.android.chrome,+
5871,482364,https://play.google.com/store/apps/details?id=com.android.chrome&reviewId=gp:AOqpTOGqyCgqz5CZSgy9kx5FEmozdSeXB6cqXq_V0c5OrASYgjREbUtcZVPwJ5j9RMVsoQGuWVegiAfm3ag8src,Very good,1,0,Naseemah Petersen,,26.0.1410.58,20/02/21,com.android.chrome,+
5872,482365,https://play.google.com/store/apps/details?id=com.android.chrome&reviewId=gp:AOqpTOEAjy0BgBT0gJwpFVuBT8jcei-9-dJpoQQZMFAvSP2rOQP4N29jioULpWWNU77KUqlGWBP1_aLAs4wBTls,Nice,3,0,Knowas Badboy,,81.0.4044.138,20/02/21,com.android.chrome,+
5889,482383,https://play.google.com/store/apps/details?id=com.android.chrome&reviewId=gp:AOqpTOF7o1bCMKRBAEdvx6lEtZgoYtuoySKFJJ2uvpp6x0pU1JyAH5xe2UdPvROqIYTtwiMmC2dZSj0w91ytd0I,Very good,3,0,Vishal Gupta,,88.0.4324.152,20/02/21,com.android.chrome,+
5904,482398,https://play.google.com/store/apps/details?id=com.android.chrome&reviewId=gp:AOqpTOH66B86nd6ATeV1oVpnGDqTa8H6DRri9Di9N1lkI4ht9qSKvTM-u9yfqC7hOkKkblbbTkL2sXFN5N4OQ9Y,Good...,3,0,Bhanu Barman,,88.0.4324.93,20/02/21,com.android.chrome,+
5914,504387,https://play.google.com/store/apps/details?id=com.android.chrome&reviewId=gp:AOqpTOE88ZyNI2aGCo-DJ1n9W5iJATRroYz9bEwJIdqmF8WAl9O-_HEUMGv_moitnesQ9l7qaKlwqLDeyZA99XQ,Not bad,3,0,Mombo mombo,,86.0.4240.185,21/02/21,com.android.chrome,+
5944,504417,https://play.google.com/store/apps/details?id=com.android.chrome&reviewId=gp:AOqpTOF10vVWIn3K4gLLS8SXiYNsDmyMn0HoYOgGLPCmyMQY-GlW-7d-bsbgbG4scyZ5NWNyP_w33ZoDtIWdio8,Good,1,0,Toxickozi,,87.0.4280.101,21/02/21,com.android.chrome,+
5946,504419,https://play.google.com/store/apps/details?id=com.android.chrome&reviewId=gp:AOqpTOHGnrtAjXrKvEqeko2TrmUNlfm4tMDw3M9JyEsmpVO1rW_qYd9gZ_dCrd8-sQ_q7W9HuBoWVtNBUkG0zbQ,Good,3,0,Arman Kouhi,,88.0.4324.181,21/02/21,com.android.chrome,+
5967,504440,https://play.google.com/store/apps/details?id=com.android.chrome&reviewId=gp:AOqpTOGGLeQMAjoF2I7SPtebtsv8B88gSVidl1XmBgEjhnXZPYBV1M_djv4QAiI91-yHA1SmPha-D3Nx3s6lvbA,Good,3,0,Wow Wow,,88.0.4324.181,21/02/21,com.android.chrome,+
5972,504445,https://play.google.com/store/apps/details?id=com.android.chrome&reviewId=gp:AOqpTOHJaOryyT3IThObedSvY-Fw6ytpbCrK2DDu9Xwhhqkydz1JlWm5ZqV61dIpMv43-B6l-RxESyBdzuh9mPk,NiCe,2,0,Aman Rajak,,70.0.3538.110,21/02/21,com.android.chrome,+
6006,504479,https://play.google.com/store/apps/details?id=com.android.chrome&reviewId=gp:AOqpTOFFbLOfdsuUruKwwweVB3OyhgoZ0nVnVye2biWiM14jSWwK7Pv4uiR0n4XgCAwUn6l0MpNQt-gm9UhQC98,Super,3,0,Abhishek Vp,,83.0.4103.101,21/02/21,com.android.chrome,+
6018,510965,https://play.google.com/store/apps/details?id=com.android.chrome&reviewId=gp:AOqpTOFwdo57k1Qt4BOkBPllnW7JdVdhqNsYWIT1svUO7AByh43pvbjBH_UB1SopJL_o1G8UOBgOXYLagZ4Ksio,Good,3,0,Visal Singh,,85.0.4183.127,22/02/21,com.android.chrome,+
6066,511014,https://play.google.com/store/apps/details?id=com.android.chrome&reviewId=gp:AOqpTOEK6ZEz5ajRVtrY5VxQSoLYKXXnFZ0VUFUUajtYhAYtOhkEaQbYnRXCnwDnOL7r-9odSVjh_DGlJ7Dp2S4,Okay thanks,3,0,Jimmy James Anderson,,88.0.4324.152,22/02/21,com.android.chrome,+
6101,511049,https://play.google.com/store/apps/details?id=com.android.chrome&reviewId=gp:AOqpTOHlbcHGS2oQW8hYMBGPCfSVLIom6D8GAH8Rm3NwkgW0LsIVvuO7vM9rwoCGX9ap_oOdca9gyPcxU3XOl88,Good,3,0,Pogba Calvert,,,22/02/21,com.android.chrome,+
6122,527938,https://play.google.com/store/apps/details?id=com.android.chrome&reviewId=gp:AOqpTOE05PiysrPr84bS5I-mFRGW0pFb7xRwmK2S7epZHVwKUUR0LZeS0ucBxa8hn8YjtzquciIBUUqfMZp5apM,good,1,0,SUMIT VEER,,76.0.3809.132,23/02/21,com.android.chrome,+
6159,527976,https://play.google.com/store/apps/details?id=com.android.chrome&reviewId=gp:AOqpTOE3PZiQRGSgm27AjgABL1p8NniaN1DmsPVznvUgMWIG5WNURe2B5uIlgEV_R44XR1cpXYCGtCoNdI6SjuE,Very nice üëåüëåüòäüëåüëåüëåüëåüëåüëåüëåüëåüëåüëåüëåüëå you have you,1,0,Param Bhatt,,68.0.3440.91,23/02/21,com.android.chrome,+
6182,528000,https://play.google.com/store/apps/details?id=com.android.chrome&reviewId=gp:AOqpTOGGtwR0km5ZJlXChX9WlROY0a428RZLZhRw_aIVci5XLWRmVrrOPxvDuUJ-8Y9Y9XiW-N5K1TGi3RtzvlI,Good,3,0,Kawusu konteh,,84.0.4147.105,23/02/21,com.android.chrome,+
6289,548566,https://play.google.com/store/apps/details?id=com.android.chrome&reviewId=gp:AOqpTOEsD9pNd7tZLWQoFPzdEziUNd6sKA9Q4etJ8fn9GwWy7n9yzemlrMa0q6JAxTMr8xUxRJyiSGhdOt0o6wc,Good,2,0,drnazir ahmed,,88.0.4324.141,24/02/21,com.android.chrome,+
6332,556609,https://play.google.com/store/apps/details?id=com.android.chrome&reviewId=gp:AOqpTOFZHgPuSpti18dy5YIXFFFOHrfWBAuXXnwKzGryrzP1xmQO2K6XM8zCryKsxXOi7MpMdUNFQF8kSMsllW4,Nice,3,0,Rahul Kumar,,83.0.4103.101,25/02/21,com.android.chrome,+
6360,556637,https://play.google.com/store/apps/details?id=com.android.chrome&reviewId=gp:AOqpTOFp2YftLkk_nRgPJSPaG8VoksTYNNlo3czB6zTE1XB9KKxY0JqxBZhEn1Gh_SJuLQM46Rx6ZJUf3fo55ow,Good,2,0,Murali N,,86.0.4240.198,25/02/21,com.android.chrome,+
6365,556642,https://play.google.com/store/apps/details?id=com.android.chrome&reviewId=gp:AOqpTOEfc9gPTVWifjwpI0C8IxRDYn5rdRoeKN1RtHOHo8Mu-kYFSvcB8UleeGCnTN9PjAiVoxXD4IxBjIGHyE4,GOOD,3,0,Narvan Kasyap,,88.0.4324.181,25/02/21,com.android.chrome,+
6368,556645,https://play.google.com/store/apps/details?id=com.android.chrome&reviewId=gp:AOqpTOHaLoYt_q1m1LmRFbJ6kgmuveW09qHUYiffMnVeaXDeCqdlAdk3YTljGYFcYg0WfriYhRpUjKXScQcalW4,Good,3,0,Baljeet Singh,,79.0.3945.136,25/02/21,com.android.chrome,+
6388,556665,https://play.google.com/store/apps/details?id=com.android.chrome&reviewId=gp:AOqpTOFlrxWpWLnawt7Bww3o8KJBXzZNvfrPqtZj2bc0m14xXYPBZRspyST-aKQ-sxqj87eViBDdU2RslqpiINs,Good,3,0,Shahibaj Shah,,83.0.4103.101,25/02/21,com.android.chrome,+
6389,556666,https://play.google.com/store/apps/details?id=com.android.chrome&reviewId=gp:AOqpTOFzfE5R-tR4HVCwqtUIYKsLBah4MYtJrFffc4Im6Pd2zxIigwjmKvBxaukFAvuYYVj_6n7NicmCVD8gFtk,aal best,3,0,Raghuveer Singh,,84.0.4147.125,25/02/21,com.android.chrome,+
6402,556679,https://play.google.com/store/apps/details?id=com.android.chrome&reviewId=gp:AOqpTOEKL3KjrtRDJfj9ntqRlW6px3FmcRfRRC5gqUjen08ullIQCP2_koRf0brKaUNfEXQP6Ve-8dpOoAGFkMg,Good,2,0,bachhav samadhan,,87.0.4280.101,25/02/21,com.android.chrome,+
6404,556681,https://play.google.com/store/apps/details?id=com.android.chrome&reviewId=gp:AOqpTOHsiP6KwmdniEH5H_1rMaBKKJRqyj7Ug9V-22dLdwJbxL3Vhc0MGZ4XhgVhvuHW664Ei0E8ZAhfSBMjzmo,Good,3,0,Sandeep Sisodiya,,88.0.4324.93,25/02/21,com.android.chrome,+
6420,569873,https://play.google.com/store/apps/details?id=com.android.chrome&reviewId=gp:AOqpTOG_XkmefZPz_HOdvVzwkb-QSPdSjQqO2CIR7HEvTDsoK0xRWA2kFb2PnStSXY4CnK67abePUowv3CUnt0Q,Good,3,0,Ida Brits,,88.0.4324.181,26/02/21,com.android.chrome,+
6429,569882,https://play.google.com/store/apps/details?id=com.android.chrome&reviewId=gp:AOqpTOFmx6kXuMvv2JnPeIawZwAx20bZ2iBHERICvc-P3dWz579r1OG07Az38YYT5seb_A9vFOpZDNDdwcojiZw,Good,3,0,Tuleswar Kumar mali,,86.0.4240.110,26/02/21,com.android.chrome,+
6462,569915,https://play.google.com/store/apps/details?id=com.android.chrome&reviewId=gp:AOqpTOGMn4xkTJetteNGFERRtzVbMjiE2_ns9jZJ1JLCkbLJgjf95PcitArITHLiYcNsYZx0mxMr0rH1yKbjBFg,Best update,2,0,Abhishek Thakur gaming,,86.0.4240.110,26/02/21,com.android.chrome,+
6476,569929,https://play.google.com/store/apps/details?id=com.android.chrome&reviewId=gp:AOqpTOFeHCO4U5ZF-0hzhjgIDTPwrc8Zh8-v9DIX2jQJQZub5u1cyjDBKciC8yND0P_hcUrmVzUinoQ5wZO0BSE,Nice,2,0,guddappa siddappa,,70.0.3538.110,26/02/21,com.android.chrome,+
6482,569935,https://play.google.com/store/apps/details?id=com.android.chrome&reviewId=gp:AOqpTOFqTnUe24ojK3j13H_ARAoVkteWpHT88Gj-keKcALECKwp0JAlqynzYDPlbL8a2-Kyvd3y1WXqV_0yorTY,Nice app,1,0,karan mahor,,81.0.4044.138,26/02/21,com.android.chrome,+
6501,569954,https://play.google.com/store/apps/details?id=com.android.chrome&reviewId=gp:AOqpTOEYTPRBXgvZDuWYsQUf_2bndtqyDzciE4HML6QXKf0bAdiZggVflwv6ePXT2QvmI4b3RRe3LF2g3cDKcIo,Nice,2,0,RAJESH MAURYA,,80.0.3987.99,26/02/21,com.android.chrome,+
6559,588872,https://play.google.com/store/apps/details?id=com.android.chrome&reviewId=gp:AOqpTOGM_pU0RznsKOA3BN_qWzgQ9f2S6fOgsWy5SyLGq5G0yX7ntDhEHIM74grp_WF5tBN3RwHypUCPmN11jAA,Its best to use,3,0,pranali londhe,,88.0.4324.152,27/02/21,com.android.chrome,+
6563,588876,https://play.google.com/store/apps/details?id=com.android.chrome&reviewId=gp:AOqpTOGYV2xe0XVQRQ2NLY93YahwsNcV_OzTMz4uJ_4bgp60uD9yz4JG2t2beZ25o2BkUXd44ELjn9NaWMC_r2E,Good,3,0,Sarpita Dutta,,87.0.4280.101,27/02/21,com.android.chrome,+
6575,588888,https://play.google.com/store/apps/details?id=com.android.chrome&reviewId=gp:AOqpTOG6nCLAah94VTZ80DZQXFNXDlY8sDMvCMyu96lFPP2gqtMx80upi2tCiramtQ1Y4V_wef_hFuoAO79HkHo,Help,1,0,Ramesh Oad,,84.0.4147.125,27/02/21,com.android.chrome,+
6614,611795,https://play.google.com/store/apps/details?id=com.android.chrome&reviewId=gp:AOqpTOEyisSEigTak4lWMRw9iNUBXPSRNNIX8oN287hNG-KTY0J0uqm_8R2qb-mFGBi74vd9w8avrvHTG7fBH_g,Fine,3,0,N Parker,,81.0.4044.138,28/02/21,com.android.chrome,+
6618,611799,https://play.google.com/store/apps/details?id=com.android.chrome&reviewId=gp:AOqpTOG7tIlzF0NlCnE4R48tcqCSOeb0izhK6Qi5z9CrNzA_5mDJhTrLvyQIAMNrVK_abWOt68ZTbBokYhvVobo,Super app,2,0,Ravi Babu,,83.0.4103.106,28/02/21,com.android.chrome,+
6637,611818,https://play.google.com/store/apps/details?id=com.android.chrome&reviewId=gp:AOqpTOEiAWPN8zRP0amvpVYc91pHD-j2WOkGfa2FCY1_mtOvnUq4cV90_6aV7P_sMv7OCkmQHVmJgKF_6WyIRas,Good,3,0,Alicedonald202 Rose,,81.0.4044.138,28/02/21,com.android.chrome,+
6641,611822,https://play.google.com/store/apps/details?id=com.android.chrome&reviewId=gp:AOqpTOFuUS2P1xYb657Qfk2609dcMTCOnCH2Gu_y2ct5s7AkNp1HVuY0oBBM-c0DMJNDKTLEzfsAdZCUqPT62m8,Alright,3,0,Janu Sun,,88.0.4324.181,28/02/21,com.android.chrome,+
6678,611859,https://play.google.com/store/apps/details?id=com.android.chrome&reviewId=gp:AOqpTOEn_6IVI_xgsOW0k03aKTCxMMtHmQstYYdaXQ0tXMGRrvIFVu8wteVkjgceke3TP4RW7Wry_gQXAGhl8Wo,Ok,1,0,Sherif Said,,88.0.4324.141,28/02/21,com.android.chrome,+
6696,611877,https://play.google.com/store/apps/details?id=com.android.chrome&reviewId=gp:AOqpTOE_rS_B7UOmq1b4_8LJFie-_hetgMft5Okrl5Ii06wi82reKOC0BEnO9j6rI4L08xHs8qXTKIttvD3zDQo,Awesome,1,0,mohammad adil shaikh,,42.0.2311.111,28/02/21,com.android.chrome,+
6706,620096,https://play.google.com/store/apps/details?id=com.android.chrome&reviewId=gp:AOqpTOGXuhDWvxdot89L08RX_lPdxw3J3ZpTvydSFO-vS9z86mlJpmiNLCgdonS-et_0J6MHLSyJxPN5AP9rxT4,Looks good üòè,3,0,Patrick Vieira,,88.0.4324.181,01/03/21,com.android.chrome,+
6710,620088,https://play.google.com/store/apps/details?id=com.android.chrome&reviewId=gp:AOqpTOEiH0vBEt2NmV1hnY7d6ahC7BIyRd5hlMa_wtD2UuZLOBg3kAQ8PJv7bvOoAP0_z-vwZ84oeaaxPLnaM_Q,It's okay,3,0,SATHISH KUMAR SAKTHIVEL,,85.0.4183.101,01/03/21,com.android.chrome,+
6744,620123,https://play.google.com/store/apps/details?id=com.android.chrome&reviewId=gp:AOqpTOEOsbX7m65wsUcGW3Qbdt8uBP-RqdR8pmzSRbm193wZOX5UVc8jLZ5y1-YFyHyCsduC0G_NMcRb3lzwvtU,Good,2,0,anil Kumar,,88.0.4324.181,01/03/21,com.android.chrome,+
6763,620143,https://play.google.com/store/apps/details?id=com.android.chrome&reviewId=gp:AOqpTOEa6RCZ_NJxZ-f6HU_bxrmwlFWkWsLDv_5ySL5dEo1KVSFMIg-JmSAxxJzEg4-QsFKibZDWoWS3SpKO0mE,Good but very slow,2,0,Gugulethu Nkalankala,,70.0.3538.110,01/03/21,com.android.chrome,+
6777,620158,https://play.google.com/store/apps/details?id=com.android.chrome&reviewId=gp:AOqpTOF2PPqL7U1JZzxyueIQHO41w8YGTod2lcDXaoP5YteDeOAwwIsU4bqRAALwlOyuMjKAQ8hkfuKMh6oRH6s,Nice,1,0,Khalid Hussain,,88.0.4324.93,01/03/21,com.android.chrome,+
6780,620161,https://play.google.com/store/apps/details?id=com.android.chrome&reviewId=gp:AOqpTOHlaJzIHC82v4jk8OyzwLGseBr6p9LxyXrRH_fw4C4GEmeZzawbmLROaPXqfbByOGmWw31aJVMfr_Pr2-A,Very good ‚ò∫Ô∏è,3,0,Parth Mundriya,,87.0.4280.101,01/03/21,com.android.chrome,+
6816,642250,https://play.google.com/store/apps/details?id=com.android.chrome&reviewId=gp:AOqpTOFWF6t_w4DkwZ8jIrfGVwEIaJ7tTr7DHDUFtfZ3WxAdwnozwwmWaAlH0GGYzquc73WSJ3sfwo9EoB3JDWo,Need improvement,1,0,Princeton Brownjr,,81.0.4044.138,02/03/21,com.android.chrome,+
6835,642269,https://play.google.com/store/apps/details?id=com.android.chrome&reviewId=gp:AOqpTOHwcn9A-Y2ZzDS4Zmyp48QD8wwlfyDkIXwkUdYWp9pFruQrXNrJ55UwzO_8F8CEPHXMz3-aAAb21kiOZFI,It's ok,3,0,Gokila Priya,,74.0.3729.136,02/03/21,com.android.chrome,+
6839,642273,https://play.google.com/store/apps/details?id=com.android.chrome&reviewId=gp:AOqpTOGHWBgH6WyJrmEuvstZzGEI8cEXInv24DELXyFHRJWly_wMUPylygibMCq_jCscwYamDFkp8xyHJ7dgDVo,Nice,1,0,naiz khan,,61.0.3163.98,02/03/21,com.android.chrome,+
6849,642282,https://play.google.com/store/apps/details?id=com.android.chrome&reviewId=gp:AOqpTOHOpcMsDrpn0DnuH6I3Nyg9kV9MrcGKUh6xNJjEGNRSnCVyzW-HueYLGU3uHFQauZxt_-Ux6pAdsPSSdrE,Better,2,0,Abhimanyu Kumar,,87.0.4280.101,02/03/21,com.android.chrome,+
6852,642285,https://play.google.com/store/apps/details?id=com.android.chrome&reviewId=gp:AOqpTOEfWmDEMqQcmHbjisWzwcG3TF8AtBi2o0sVfuA3_GJWcuXZmDsplXvFlbNYUoC4xTn-6qd7_nLUV9o33yI,Nice,3,0,Abdul bare Bare,,88.0.4324.181,02/03/21,com.android.chrome,+
6899,642333,https://play.google.com/store/apps/details?id=com.android.chrome&reviewId=gp:AOqpTOEbTq5gN5TFctP7COdAinSa-j4fyUD3a-pKpLkBnnrw1GqukJbaCBDPCHnmpawHBeXrnV1KD4yHqowVdOM,"Ty638,",3,0,Tammanna Talawar,,70.0.3538.110,02/03/21,com.android.chrome,+
6923,656050,https://play.google.com/store/apps/details?id=com.android.chrome&reviewId=gp:AOqpTOFCf1AjHzMhAavJ50fVY62d3czqrp1k_CTDgDwPO5JthnPSbr_8757taMdyaTYJEXBmIxlek7bgzZzqw2w,Good,3,0,Kaneez Fatema,,86.0.4240.198,03/03/21,com.android.chrome,+
6944,656072,https://play.google.com/store/apps/details?id=com.android.chrome&reviewId=gp:AOqpTOF7aMcKOIQoCB3hxtTEwbwhz3GKwY65Cfq_nA-aPtSsBq9z7NxF6h92ufjaHqtCQrY4XyBmvLpOCz7PS_o,Good,2,0,aparajita gupta,,88.0.4324.181,03/03/21,com.android.chrome,+
6986,656115,https://play.google.com/store/apps/details?id=com.android.chrome&reviewId=gp:AOqpTOHmiXUxZhVCEPL2rH4LfymHTBplNybNWVaOOhxlASDMM2b7ziE2xLfSbMkEKPG1xXU7l_A-WUI8YRWvAEU,To easy to hack,3,0,Patricia Cuero,,85.0.4183.101,03/03/21,com.android.chrome,+
7032,659646,https://play.google.com/store/apps/details?id=com.android.chrome&reviewId=gp:AOqpTOGoqT4wEoIw3oeSdbPzkbq35NzTb9CUCbMaOmha7V1GcBx0VX9Z5yTUbzLg4SQBZe7h394m-tQ9SnS4Xd4,Good,3,0,BHARVAD KARAN,,86.0.4240.185,04/03/21,com.android.chrome,+
7041,659655,https://play.google.com/store/apps/details?id=com.android.chrome&reviewId=gp:AOqpTOFGerW37qWohz7xcgVO52gVBGCSHAY04CPeVB0-xLYQq0kvoanOZu-9Ax1gsHLUV82ssX4TMGAirDBy8sA,Good,1,0,Seanmichael Cabanilla,,81.0.4044.138,04/03/21,com.android.chrome,+
7042,659656,https://play.google.com/store/apps/details?id=com.android.chrome&reviewId=gp:AOqpTOGzGaQNmHbdHAEfQnKzhtO1vbPke4TJkYccUFKpxCEb4MBva8l8V5AlBgolER2YiI1MFLqtVkCGiwPtTVU,Good app,1,0,Faith Mulae,,62.0.3202.84,04/03/21,com.android.chrome,+
7047,659661,https://play.google.com/store/apps/details?id=com.android.chrome&reviewId=gp:AOqpTOEL20C4u8eL6I2vCF_srn-vAe-XdF9ul9iQmXqMsYWG5TomRDcYBwVcXsBIkL1GiGC2bE7J4Xd8U1DM2To,Its good,1,0,Holy Purpose,,42.0.2311.111,04/03/21,com.android.chrome,+
7063,659677,https://play.google.com/store/apps/details?id=com.android.chrome&reviewId=gp:AOqpTOEicbnx0IfmR6EqKc4AGnp99W_WzlOvDcQX34Y0-62TzfVDw88dHt8Cqb1c0Pjf_MiJVPUW3M6zbdFSuAg,Very nice appüíö,3,0,Rx Aman Choudhury,,88.0.4324.181,04/03/21,com.android.chrome,+
7195,684983,https://play.google.com/store/apps/details?id=com.android.chrome&reviewId=gp:AOqpTOETBJBTu2cGF1Pe-InDokmpFqyaaX39yF2nupPTk1rQX3fwLsRp_jqAnygseU6V9Gbi5NxEwp-J6873RMM,"Chrome is good, I trust this update will make it better.",1,0,Harry W Kendall,,88.0.4324.181,05/03/21,com.android.chrome,+
